image,attempt,bounds,check,fired,severity,values
002.webp,1,"[946, 334, 1217, 476]",text_fit,False,none,"{'box_width': 271, 'box_height': 142, 'chosen_font_size': 10, 'ceiling_font_size': 142, 'line_count': 1, 'lines': ['Hey! Pick up your cigarette butts and trash!'], 'max_line_width': 198, 'total_text_height': 10, 'width_overflow_px': 0, 'height_overflow_px': 0, 'box_aspect_h_over_w': 0.52, 'hard_wrapped_single_word': False}"
002.webp,1,"[946, 334, 1217, 476]",translation_sanity,False,none,"{'source_text': '站住！把你们扔的烟头、垃圾捡了！', 'translation': 'Hey! Pick up your cigarette butts and trash!', 'source_len': 16, 'translation_len': 44, 'ratio': 2.75}"
002.webp,1,"[946, 334, 1217, 476]",detection_plausibility,False,none,"{'box_width': 271, 'box_height': 142, 'source_len': 16, 'confidence': None, 'chars_per_100px_height': 11.27}"
002.webp,1,"[400, 105, 724, 198]",text_fit,False,none,"{'box_width': 324, 'box_height': 93, 'chosen_font_size': 10, 'ceiling_font_size': 93, 'line_count': 1, 'lines': [""Someone'll clean it anyway... why do we have to pick it up?""], 'max_line_width': 265, 'total_text_height': 10, 'width_overflow_px': 0, 'height_overflow_px': 0, 'box_aspect_h_over_w': 0.29, 'hard_wrapped_single_word': False}"
002.webp,1,"[400, 105, 724, 198]",translation_sanity,False,none,"{'source_text': '反正会有人来打扫...干嘛要我们捡....', 'translation': ""Someone'll clean it anyway... why do we have to pick it up?"", 'source_len': 21, 'translation_len': 59, 'ratio': 2.81}"
002.webp,1,"[400, 105, 724, 198]",detection_plausibility,False,none,"{'box_width': 324, 'box_height': 93, 'source_len': 21, 'confidence': None, 'chars_per_100px_height': 22.58}"
002.webp,1,"[398, 1407, 628, 1599]",text_fit,False,none,"{'box_width': 230, 'box_height': 192, 'chosen_font_size': 10, 'ceiling_font_size': 192, 'line_count': 2, 'lines': ['Enough, cut the chatter—buy it and scram back to', ""the dorm. I'm annoyed.""], 'max_line_width': 224, 'total_text_height': 22, 'width_overflow_px': 0, 'height_overflow_px': 0, 'box_aspect_h_over_w': 0.83, 'hard_wrapped_single_word': False}"
002.webp,1,"[398, 1407, 628, 1599]",translation_sanity,False,none,"{'source_text': '行了别废话了赶紧买完滚回宿舍。烦着呢。', 'translation': ""Enough, cut the chatter—buy it and scram back to the dorm. I'm annoyed."", 'source_len': 19, 'translation_len': 71, 'ratio': 3.74}"
002.webp,1,"[398, 1407, 628, 1599]",detection_plausibility,False,none,"{'box_width': 230, 'box_height': 192, 'source_len': 19, 'confidence': None, 'chars_per_100px_height': 9.9}"
002.webp,1,"[52, 131, 325, 227]",text_fit,False,none,"{'box_width': 273, 'box_height': 96, 'chosen_font_size': 10, 'ceiling_font_size': 96, 'line_count': 1, 'lines': ['Buy food, bring two packs of cigarettes. Hey, go give us'], 'max_line_width': 245, 'total_text_height': 11, 'width_overflow_px': 0, 'height_overflow_px': 0, 'box_aspect_h_over_w': 0.35, 'hard_wrapped_single_word': False}"
002.webp,1,"[52, 131, 325, 227]",translation_sanity,False,none,"{'source_text': '买饭，带两盒烟。哎，去给我们', 'translation': 'Buy food, bring two packs of cigarettes. Hey, go give us', 'source_len': 14, 'translation_len': 56, 'ratio': 4.0}"
002.webp,1,"[52, 131, 325, 227]",detection_plausibility,False,none,"{'box_width': 273, 'box_height': 96, 'source_len': 14, 'confidence': None, 'chars_per_100px_height': 14.58}"
002.webp,1,"[52, 273, 277, 366]",text_fit,False,none,"{'box_width': 225, 'box_height': 93, 'chosen_font_size': 10, 'ceiling_font_size': 93, 'line_count': 1, 'lines': [""Why don't you just use your own money first?""], 'max_line_width': 205, 'total_text_height': 11, 'width_overflow_px': 0, 'height_overflow_px': 0, 'box_aspect_h_over_w': 0.41, 'hard_wrapped_single_word': False}"
002.webp,1,"[52, 273, 277, 366]",translation_sanity,False,none,"{'source_text': '你先用你的钱不会么？', 'translation': ""Why don't you just use your own money first?"", 'source_len': 10, 'translation_len': 44, 'ratio': 4.4}"
002.webp,1,"[52, 273, 277, 366]",detection_plausibility,False,none,"{'box_width': 225, 'box_height': 93, 'source_len': 10, 'confidence': None, 'chars_per_100px_height': 10.75}"
003.webp,1,"[1044, 210, 1188, 321]",text_fit,False,none,"{'box_width': 144, 'box_height': 111, 'chosen_font_size': 10, 'ceiling_font_size': 111, 'line_count': 1, 'lines': ['swish!'], 'max_line_width': 30, 'total_text_height': 8, 'width_overflow_px': 0, 'height_overflow_px': 0, 'box_aspect_h_over_w': 0.77, 'hard_wrapped_single_word': False}"
003.webp,1,"[1044, 210, 1188, 321]",translation_sanity,False,none,"{'source_text': '涮', 'translation': 'swish!', 'source_len': 1, 'translation_len': 6, 'ratio': 6.0}"
003.webp,1,"[1044, 210, 1188, 321]",detection_plausibility,False,none,"{'box_width': 144, 'box_height': 111, 'source_len': 1, 'confidence': None, 'chars_per_100px_height': 0.9}"
003.webp,1,"[890, 1409, 1068, 1522]",text_fit,False,none,"{'box_width': 178, 'box_height': 113, 'chosen_font_size': 10, 'ceiling_font_size': 113, 'line_count': 3, 'lines': ['Oh, quit acting all bothered by the', 'smell—get out and stop causing', 'trouble.'], 'max_line_width': 157, 'total_text_height': 32, 'width_overflow_px': 0, 'height_overflow_px': 0, 'box_aspect_h_over_w': 0.63, 'hard_wrapped_single_word': False}"
003.webp,1,"[890, 1409, 1068, 1522]",translation_sanity,False,none,"{'source_text': '呀，犯贱似的嫌难闻滚出去来找茬。', 'translation': 'Oh, quit acting all bothered by the smell—get out and stop causing trouble.', 'source_len': 16, 'translation_len': 75, 'ratio': 4.69}"
003.webp,1,"[890, 1409, 1068, 1522]",detection_plausibility,False,none,"{'box_width': 178, 'box_height': 113, 'source_len': 16, 'confidence': None, 'chars_per_100px_height': 14.16}"
003.webp,1,"[696, 1641, 1065, 1755]",text_fit,False,none,"{'box_width': 369, 'box_height': 114, 'chosen_font_size': 10, 'ceiling_font_size': 114, 'line_count': 1, 'lines': ['The room reeks of cheap perfume, smoke, fake leather, and sweaty feet.'], 'max_line_width': 327, 'total_text_height': 11, 'width_overflow_px': 0, 'height_overflow_px': 0, 'box_aspect_h_over_w': 0.31, 'hard_wrapped_single_word': False}"
003.webp,1,"[696, 1641, 1065, 1755]",translation_sanity,False,none,"{'source_text': '劣质香水、烟臭、人造皮革和脚汗混合起来的味道弥漫着整个房间....', 'translation': 'The room reeks of cheap perfume, smoke, fake leather, and sweaty feet.', 'source_len': 33, 'translation_len': 70, 'ratio': 2.12}"
003.webp,1,"[696, 1641, 1065, 1755]",detection_plausibility,True,low,"{'box_width': 369, 'box_height': 114, 'source_len': 33, 'confidence': None, 'chars_per_100px_height': 28.95}"
003.webp,1,"[674, 1027, 852, 1137]",text_fit,False,none,"{'box_width': 178, 'box_height': 110, 'chosen_font_size': 10, 'ceiling_font_size': 110, 'line_count': 2, 'lines': [""We're not gonna lose many points, we"", 'were just messing around~'], 'max_line_width': 172, 'total_text_height': 22, 'width_overflow_px': 0, 'height_overflow_px': 0, 'box_aspect_h_over_w': 0.62, 'hard_wrapped_single_word': False}"
003.webp,1,"[674, 1027, 852, 1137]",translation_sanity,False,none,"{'source_text': '没几分能扣了哈？咱本来就随便~', 'translation': ""We're not gonna lose many points, we were just messing around~"", 'source_len': 15, 'translation_len': 62, 'ratio': 4.13}"
003.webp,1,"[674, 1027, 852, 1137]",detection_plausibility,False,none,"{'box_width': 178, 'box_height': 110, 'source_len': 15, 'confidence': None, 'chars_per_100px_height': 13.64}"
003.webp,1,"[647, 802, 864, 913]",text_fit,False,none,"{'box_width': 217, 'box_height': 111, 'chosen_font_size': 10, 'ceiling_font_size': 111, 'line_count': 2, 'lines': ['Get out now! You two are getting a demerit!!', 'This taste…'], 'max_line_width': 201, 'total_text_height': 20, 'width_overflow_px': 0, 'height_overflow_px': 0, 'box_aspect_h_over_w': 0.51, 'hard_wrapped_single_word': False}"
003.webp,1,"[647, 802, 864, 913]",translation_sanity,False,none,"{'source_text': '立刻给我出去！你俩记过一次！！这个味....', 'translation': 'Get out now! You two are getting a demerit!! This taste…', 'source_len': 22, 'translation_len': 56, 'ratio': 2.55}"
003.webp,1,"[647, 802, 864, 913]",detection_plausibility,False,none,"{'box_width': 217, 'box_height': 111, 'source_len': 22, 'confidence': None, 'chars_per_100px_height': 19.82}"
003.webp,1,"[405, 1562, 608, 1709]",text_fit,False,none,"{'box_width': 203, 'box_height': 147, 'chosen_font_size': 10, 'ceiling_font_size': 147, 'line_count': 2, 'lines': [""You can't even smoke in the locker"", 'room—others need it between classes!'], 'max_line_width': 172, 'total_text_height': 18, 'width_overflow_px': 0, 'height_overflow_px': 0, 'box_aspect_h_over_w': 0.72, 'hard_wrapped_single_word': False}"
003.webp,1,"[405, 1562, 608, 1709]",translation_sanity,False,none,"{'source_text': '也不能用更衣室来抽烟！别人就算是课间还要用呢！', 'translation': ""You can't even smoke in the locker room—others need it between classes!"", 'source_len': 23, 'translation_len': 71, 'ratio': 3.09}"
003.webp,1,"[405, 1562, 608, 1709]",detection_plausibility,False,none,"{'box_width': 203, 'box_height': 147, 'source_len': 23, 'confidence': None, 'chars_per_100px_height': 15.65}"
003.webp,1,"[262, 637, 495, 785]",text_fit,False,none,"{'box_width': 233, 'box_height': 148, 'chosen_font_size': 10, 'ceiling_font_size': 148, 'line_count': 2, 'lines': ['[REDACTED 2026-09-14 -- explicit/suggestive dialogue, non-fired row, content not needed for any documented finding]'], 'max_line_width': 197, 'total_text_height': 21, 'width_overflow_px': 0, 'height_overflow_px': 0, 'box_aspect_h_over_w': 0.64, 'hard_wrapped_single_word': False}"
003.webp,1,"[262, 637, 495, 785]",translation_sanity,False,none,"{'source_text': '[REDACTED 2026-09-14 -- explicit/suggestive dialogue, non-fired row, content not needed for any documented finding]', 'translation': '[REDACTED 2026-09-14 -- explicit/suggestive dialogue, non-fired row, content not needed for any documented finding]', 'source_len': 20, 'translation_len': 62, 'ratio': 3.1}"
003.webp,1,"[262, 637, 495, 785]",detection_plausibility,False,none,"{'box_width': 233, 'box_height': 148, 'source_len': 20, 'confidence': None, 'chars_per_100px_height': 13.51}"
003.webp,1,"[212, 829, 362, 906]",text_fit,False,none,"{'box_width': 150, 'box_height': 77, 'chosen_font_size': 10, 'ceiling_font_size': 77, 'line_count': 2, 'lines': ['Hold on… damn… I can’t even', 'chill.'], 'max_line_width': 132, 'total_text_height': 18, 'width_overflow_px': 0, 'height_overflow_px': 0, 'box_aspect_h_over_w': 0.51, 'hard_wrapped_single_word': False}"
003.webp,1,"[212, 829, 362, 906]",translation_sanity,False,none,"{'source_text': '一会…….操..都没法消停', 'translation': 'Hold on… damn… I can’t even chill.', 'source_len': 13, 'translation_len': 34, 'ratio': 2.62}"
003.webp,1,"[212, 829, 362, 906]",detection_plausibility,False,none,"{'box_width': 150, 'box_height': 77, 'source_len': 13, 'confidence': None, 'chars_per_100px_height': 16.88}"
003.webp,1,"[42, 138, 314, 281]",text_fit,False,none,"{'box_width': 272, 'box_height': 143, 'chosen_font_size': 10, 'ceiling_font_size': 143, 'line_count': 1, 'lines': ['Hey! You two! Sneaking off to smoke again!'], 'max_line_width': 197, 'total_text_height': 11, 'width_overflow_px': 0, 'height_overflow_px': 0, 'box_aspect_h_over_w': 0.53, 'hard_wrapped_single_word': False}"
003.webp,1,"[42, 138, 314, 281]",translation_sanity,False,none,"{'source_text': '喂！你们两个！！又躲在这里抽烟！', 'translation': 'Hey! You two! Sneaking off to smoke again!', 'source_len': 16, 'translation_len': 42, 'ratio': 2.62}"
003.webp,1,"[42, 138, 314, 281]",detection_plausibility,False,none,"{'box_width': 272, 'box_height': 143, 'source_len': 16, 'confidence': None, 'chars_per_100px_height': 11.19}"
005.webp,1,"[565, 843, 792, 989]",text_fit,False,none,"{'box_width': 227, 'box_height': 146, 'chosen_font_size': 10, 'ceiling_font_size': 146, 'line_count': 2, 'lines': ['Just a tiny bite, like a puppy begging—look at us~', 'haha~ yeah, exactly, like that.'], 'max_line_width': 223, 'total_text_height': 22, 'width_overflow_px': 0, 'height_overflow_px': 0, 'box_aspect_h_over_w': 0.64, 'hard_wrapped_single_word': False}"
005.webp,1,"[565, 843, 792, 989]",translation_sanity,False,none,"{'source_text': '像小狗一样祈求的一点点的吃进去看着咱~哈哈~对~没错，这样', 'translation': 'Just a tiny bite, like a puppy begging—look at us~ haha~ yeah, exactly, like that.', 'source_len': 29, 'translation_len': 82, 'ratio': 2.83}"
005.webp,1,"[565, 843, 792, 989]",detection_plausibility,False,none,"{'box_width': 227, 'box_height': 146, 'source_len': 29, 'confidence': None, 'chars_per_100px_height': 19.86}"
005.webp,1,"[109, 1570, 286, 1753]",text_fit,False,none,"{'box_width': 177, 'box_height': 183, 'chosen_font_size': 10, 'ceiling_font_size': 177, 'line_count': 2, 'lines': [""Look, I'm not like her— you lash out at"", 'people all the time, it hurts!'], 'max_line_width': 167, 'total_text_height': 22, 'width_overflow_px': 0, 'height_overflow_px': 0, 'box_aspect_h_over_w': 1.03, 'hard_wrapped_single_word': False}"
005.webp,1,"[109, 1570, 286, 1753]",translation_sanity,False,none,"{'source_text': '乖乖的咱就可你看咱是不是不跟她一样~动不动就打人疼你了~', 'translation': ""Look, I'm not like her— you lash out at people all the time, it hurts!"", 'source_len': 28, 'translation_len': 70, 'ratio': 2.5}"
005.webp,1,"[109, 1570, 286, 1753]",detection_plausibility,False,none,"{'box_width': 177, 'box_height': 183, 'source_len': 28, 'confidence': None, 'chars_per_100px_height': 15.3}"
005.webp,1,"[98, 147, 305, 298]",text_fit,False,none,"{'box_width': 207, 'box_height': 151, 'chosen_font_size': 10, 'ceiling_font_size': 151, 'line_count': 1, 'lines': [""That's just how it is—open up, big shot~""], 'max_line_width': 174, 'total_text_height': 10, 'width_overflow_px': 0, 'height_overflow_px': 0, 'box_aspect_h_over_w': 0.73, 'hard_wrapped_single_word': False}"
005.webp,1,"[98, 147, 305, 298]",translation_sanity,False,none,"{'source_text': '就是这样咯啊~张嘴~大委员~', 'translation': ""That's just how it is—open up, big shot~"", 'source_len': 14, 'translation_len': 40, 'ratio': 2.86}"
005.webp,1,"[98, 147, 305, 298]",detection_plausibility,False,none,"{'box_width': 207, 'box_height': 151, 'source_len': 14, 'confidence': None, 'chars_per_100px_height': 9.27}"
007.webp,1,"[837, 176, 958, 238]",text_fit,False,none,"{'box_width': 121, 'box_height': 62, 'chosen_font_size': 10, 'ceiling_font_size': 62, 'line_count': 1, 'lines': [""C'mon!""], 'max_line_width': 32, 'total_text_height': 8, 'width_overflow_px': 0, 'height_overflow_px': 0, 'box_aspect_h_over_w': 0.51, 'hard_wrapped_single_word': False}"
007.webp,1,"[837, 176, 958, 238]",translation_sanity,False,none,"{'source_text': '来吧~', 'translation': ""C'mon!"", 'source_len': 3, 'translation_len': 6, 'ratio': 2.0}"
007.webp,1,"[837, 176, 958, 238]",detection_plausibility,False,none,"{'box_width': 121, 'box_height': 62, 'source_len': 3, 'confidence': None, 'chars_per_100px_height': 4.84}"
007.webp,1,"[202, 1033, 456, 1198]",text_fit,False,none,"{'box_width': 254, 'box_height': 165, 'chosen_font_size': 10, 'ceiling_font_size': 165, 'line_count': 2, 'lines': ['Whoa, you grabbed a huge one to shove in your', ""mouth—take it off properly, it's a bargain! Hahaha.""], 'max_line_width': 222, 'total_text_height': 23, 'width_overflow_px': 0, 'height_overflow_px': 0, 'box_aspect_h_over_w': 0.65, 'hard_wrapped_single_word': False}"
007.webp,1,"[202, 1033, 456, 1198]",translation_sanity,False,none,"{'source_text': '2你这可是捡了个大塞嘴里对~好好脱下来~便宜~哈哈哈。', 'translation': ""Whoa, you grabbed a huge one to shove in your mouth—take it off properly, it's a bargain! Hahaha."", 'source_len': 27, 'translation_len': 97, 'ratio': 3.59}"
007.webp,1,"[202, 1033, 456, 1198]",detection_plausibility,False,none,"{'box_width': 254, 'box_height': 165, 'source_len': 27, 'confidence': None, 'chars_per_100px_height': 16.36}"
01.webp,1,"[908, 243, 977, 340]",text_fit,False,none,"{'box_width': 69, 'box_height': 97, 'chosen_font_size': 10, 'ceiling_font_size': 69, 'line_count': 1, 'lines': ['d00'], 'max_line_width': 18, 'total_text_height': 8, 'width_overflow_px': 0, 'height_overflow_px': 0, 'box_aspect_h_over_w': 1.41, 'hard_wrapped_single_word': False}"
01.webp,1,"[908, 243, 977, 340]",translation_sanity,True,high,"{'source_text': 'd00', 'translation': 'd00', 'source_len': 3, 'translation_len': 3}"
01.webp,1,"[908, 243, 977, 340]",detection_plausibility,False,none,"{'box_width': 69, 'box_height': 97, 'source_len': 3, 'confidence': None, 'chars_per_100px_height': 3.09}"
01.webp,1,"[862, 1118, 1216, 1773]",text_fit,False,none,"{'box_width': 354, 'box_height': 655, 'chosen_font_size': 10, 'ceiling_font_size': 354, 'line_count': 1, 'lines': ['[REDACTED 2026-09-14 -- explicit/suggestive dialogue, non-fired row, content not needed for any documented finding]'], 'max_line_width': 156, 'total_text_height': 10, 'width_overflow_px': 0, 'height_overflow_px': 0, 'box_aspect_h_over_w': 1.85, 'hard_wrapped_single_word': False}"
01.webp,1,"[862, 1118, 1216, 1773]",translation_sanity,False,none,"{'source_text': '[REDACTED 2026-09-14 -- explicit/suggestive dialogue, non-fired row, content not needed for any documented finding]', 'translation': '[REDACTED 2026-09-14 -- explicit/suggestive dialogue, non-fired row, content not needed for any documented finding]', 'source_len': 26, 'translation_len': 38, 'ratio': 1.46}"
01.webp,1,"[862, 1118, 1216, 1773]",detection_plausibility,False,none,"{'box_width': 354, 'box_height': 655, 'source_len': 26, 'confidence': None, 'chars_per_100px_height': 3.97}"
01.webp,1,"[445, 62, 608, 247]",text_fit,False,none,"{'box_width': 163, 'box_height': 185}"
01.webp,1,"[445, 62, 608, 247]",translation_sanity,False,none,"{'source_text': '', 'translation': '', 'source_len': 0, 'translation_len': 0}"
01.webp,1,"[445, 62, 608, 247]",detection_plausibility,False,none,"{'box_width': 163, 'box_height': 185, 'source_len': 0, 'confidence': None}"
02.webp,1,"[978, 1336, 1095, 1681]",text_fit,False,none,"{'box_width': 117, 'box_height': 345, 'chosen_font_size': 10, 'ceiling_font_size': 117, 'line_count': 1, 'lines': ['I get it…'], 'max_line_width': 34, 'total_text_height': 10, 'width_overflow_px': 0, 'height_overflow_px': 0, 'box_aspect_h_over_w': 2.95, 'hard_wrapped_single_word': False}"
02.webp,1,"[978, 1336, 1095, 1681]",translation_sanity,False,none,"{'source_text': '动私…', 'translation': 'I get it…', 'source_len': 3, 'translation_len': 9, 'ratio': 3.0}"
02.webp,1,"[978, 1336, 1095, 1681]",detection_plausibility,False,none,"{'box_width': 117, 'box_height': 345, 'source_len': 3, 'confidence': None, 'chars_per_100px_height': 0.87}"
02.webp,1,"[765, 744, 835, 895]",text_fit,False,none,"{'box_width': 70, 'box_height': 151, 'chosen_font_size': 10, 'ceiling_font_size': 70, 'line_count': 1, 'lines': ['Ah~ ♡'], 'max_line_width': 26, 'total_text_height': 8, 'width_overflow_px': 0, 'height_overflow_px': 0, 'box_aspect_h_over_w': 2.16, 'hard_wrapped_single_word': False}"
02.webp,1,"[765, 744, 835, 895]",translation_sanity,False,none,"{'source_text': '呼-♡', 'translation': 'Ah~ ♡', 'source_len': 3, 'translation_len': 5, 'ratio': 1.67}"
02.webp,1,"[765, 744, 835, 895]",detection_plausibility,False,none,"{'box_width': 70, 'box_height': 151, 'source_len': 3, 'confidence': None, 'chars_per_100px_height': 1.99}"
02.webp,1,"[740, 89, 1036, 882]",text_fit,False,none,"{'box_width': 296, 'box_height': 793, 'chosen_font_size': 10, 'ceiling_font_size': 296, 'line_count': 1, 'lines': ['Thanks to everyone for watching the adult content.'], 'max_line_width': 235, 'total_text_height': 11, 'width_overflow_px': 0, 'height_overflow_px': 0, 'box_aspect_h_over_w': 2.68, 'hard_wrapped_single_word': False}"
02.webp,1,"[740, 89, 1036, 882]",translation_sanity,False,none,"{'source_text': 'ea编38全房务司若美财乐キチー・0感谢各位会员刷成人话直目G', 'translation': 'Thanks to everyone for watching the adult content.', 'source_len': 31, 'translation_len': 50, 'ratio': 1.61}"
02.webp,1,"[740, 89, 1036, 882]",detection_plausibility,False,none,"{'box_width': 296, 'box_height': 793, 'source_len': 31, 'confidence': None, 'chars_per_100px_height': 3.91}"
02.webp,1,"[651, 931, 769, 1116]",text_fit,False,none,"{'box_width': 118, 'box_height': 185, 'chosen_font_size': 10, 'ceiling_font_size': 118, 'line_count': 1, 'lines': ['Oh...'], 'max_line_width': 20, 'total_text_height': 8, 'width_overflow_px': 0, 'height_overflow_px': 0, 'box_aspect_h_over_w': 1.57, 'hard_wrapped_single_word': False}"
02.webp,1,"[651, 931, 769, 1116]",translation_sanity,False,none,"{'source_text': '奥…', 'translation': 'Oh...', 'source_len': 2, 'translation_len': 5, 'ratio': 2.5}"
02.webp,1,"[651, 931, 769, 1116]",detection_plausibility,False,none,"{'box_width': 118, 'box_height': 185, 'source_len': 2, 'confidence': None, 'chars_per_100px_height': 1.08}"
02.webp,1,"[561, 57, 639, 207]",text_fit,False,none,"{'box_width': 78, 'box_height': 150, 'chosen_font_size': 10, 'ceiling_font_size': 78, 'line_count': 1, 'lines': ['3-Wu'], 'max_line_width': 26, 'total_text_height': 8, 'width_overflow_px': 0, 'height_overflow_px': 0, 'box_aspect_h_over_w': 1.92, 'hard_wrapped_single_word': False}"
02.webp,1,"[561, 57, 639, 207]",translation_sanity,False,none,"{'source_text': '3-呉', 'translation': '3-Wu', 'source_len': 3, 'translation_len': 4, 'ratio': 1.33}"
02.webp,1,"[561, 57, 639, 207]",detection_plausibility,False,none,"{'box_width': 78, 'box_height': 150, 'source_len': 3, 'confidence': None, 'chars_per_100px_height': 2.0}"
02.webp,1,"[520, 1251, 894, 1651]",text_fit,False,none,"{'box_width': 374, 'box_height': 400, 'chosen_font_size': 10, 'ceiling_font_size': 374, 'line_count': 2, 'lines': ['I put on the birthday gift you guys gave me—do you like it? This super‑high‑cut', 'catsuit and the restraints feel so exciting♪'], 'max_line_width': 361, 'total_text_height': 24, 'width_overflow_px': 0, 'height_overflow_px': 0, 'box_aspect_h_over_w': 1.07, 'hard_wrapped_single_word': False}"
02.webp,1,"[520, 1251, 894, 1651]",translation_sanity,False,none,"{'source_text': '今天我特意穿上了大家送给我的生日礼物觉得好看嘛？3高衩紧身连体衣和拘束道具感觉特别刺激♪', 'translation': 'I put on the birthday gift you guys gave me—do you like it? This super‑high‑cut catsuit and the restraints feel so exciting♪', 'source_len': 44, 'translation_len': 124, 'ratio': 2.82}"
02.webp,1,"[520, 1251, 894, 1651]",detection_plausibility,False,none,"{'box_width': 374, 'box_height': 400, 'source_len': 44, 'confidence': None, 'chars_per_100px_height': 11.0}"
02.webp,1,"[42, 1142, 187, 1398]",text_fit,False,none,"{'box_width': 145, 'box_height': 256, 'chosen_font_size': 10, 'ceiling_font_size': 145, 'line_count': 1, 'lines': ['Got it!'], 'max_line_width': 26, 'total_text_height': 8, 'width_overflow_px': 0, 'height_overflow_px': 0, 'box_aspect_h_over_w': 1.77, 'hard_wrapped_single_word': False}"
02.webp,1,"[42, 1142, 187, 1398]",translation_sanity,False,none,"{'source_text': '喻答', 'translation': 'Got it!', 'source_len': 2, 'translation_len': 7, 'ratio': 3.5}"
02.webp,1,"[42, 1142, 187, 1398]",detection_plausibility,False,none,"{'box_width': 145, 'box_height': 256, 'source_len': 2, 'confidence': None, 'chars_per_100px_height': 0.78}"
03.webp,1,"[1077, 185, 1200, 471]",text_fit,False,none,"{'box_width': 123, 'box_height': 286, 'chosen_font_size': 10, 'ceiling_font_size': 123, 'line_count': 4, 'lines': ['After this voice message', 'ends, I might not be able to', 'chat with you all for a', 'while…'], 'max_line_width': 123, 'total_text_height': 46, 'width_overflow_px': 0, 'height_overflow_px': 0, 'box_aspect_h_over_w': 2.33, 'hard_wrapped_single_word': False}"
03.webp,1,"[1077, 185, 1200, 471]",translation_sanity,False,none,"{'source_text': '这段语音结束后我可能有一段时间没法和大家互动了…', 'translation': 'After this voice message ends, I might not be able to chat with you all for a while…', 'source_len': 24, 'translation_len': 84, 'ratio': 3.5}"
03.webp,1,"[1077, 185, 1200, 471]",detection_plausibility,False,none,"{'box_width': 123, 'box_height': 286, 'source_len': 24, 'confidence': None, 'chars_per_100px_height': 8.39}"
03.webp,1,"[873, 1147, 890, 1176]",text_fit,False,none,"{'box_width': 17, 'box_height': 29}"
03.webp,1,"[873, 1147, 890, 1176]",translation_sanity,False,none,"{'source_text': '', 'translation': '', 'source_len': 0, 'translation_len': 0}"
03.webp,1,"[873, 1147, 890, 1176]",detection_plausibility,False,none,"{'box_width': 17, 'box_height': 29, 'source_len': 0, 'confidence': None}"
03.webp,1,"[465, 0, 996, 414]",text_fit,False,none,"{'box_width': 531, 'box_height': 414, 'chosen_font_size': 10, 'ceiling_font_size': 414, 'line_count': 1, 'lines': ['Ah… deep'], 'max_line_width': 45, 'total_text_height': 10, 'width_overflow_px': 0, 'height_overflow_px': 0, 'box_aspect_h_over_w': 0.78, 'hard_wrapped_single_word': False}"
03.webp,1,"[465, 0, 996, 414]",translation_sanity,False,none,"{'source_text': 'Aラ……奥', 'translation': 'Ah… deep', 'source_len': 5, 'translation_len': 8, 'ratio': 1.6}"
03.webp,1,"[465, 0, 996, 414]",detection_plausibility,False,none,"{'box_width': 531, 'box_height': 414, 'source_len': 5, 'confidence': None, 'chars_per_100px_height': 1.21}"
03.webp,1,"[51, 722, 722, 1540]",text_fit,False,none,"{'box_width': 671, 'box_height': 818, 'chosen_font_size': 10, 'ceiling_font_size': 671, 'line_count': 1, 'lines': ['[REDACTED 2026-09-14 -- explicit/suggestive dialogue, non-fired row, content not needed for any documented finding]'], 'max_line_width': 272, 'total_text_height': 10, 'width_overflow_px': 0, 'height_overflow_px': 0, 'box_aspect_h_over_w': 1.22, 'hard_wrapped_single_word': False}"
03.webp,1,"[51, 722, 722, 1540]",translation_sanity,False,none,"{'source_text': '[REDACTED 2026-09-14 -- explicit/suggestive dialogue, non-fired row, content not needed for any documented finding]', 'translation': '[REDACTED 2026-09-14 -- explicit/suggestive dialogue, non-fired row, content not needed for any documented finding]', 'source_len': 29, 'translation_len': 59, 'ratio': 2.03}"
03.webp,1,"[51, 722, 722, 1540]",detection_plausibility,False,none,"{'box_width': 671, 'box_height': 818, 'source_len': 29, 'confidence': None, 'chars_per_100px_height': 3.55}"
03.webp,1,"[0, 5, 207, 390]",text_fit,False,none,"{'box_width': 207, 'box_height': 385, 'chosen_font_size': 10, 'ceiling_font_size': 207, 'line_count': 1, 'lines': ['Oh'], 'max_line_width': 14, 'total_text_height': 8, 'width_overflow_px': 0, 'height_overflow_px': 0, 'box_aspect_h_over_w': 1.86, 'hard_wrapped_single_word': False}"
03.webp,1,"[0, 5, 207, 390]",translation_sanity,False,none,"{'source_text': '哦X', 'translation': 'Oh', 'source_len': 2, 'translation_len': 2, 'ratio': 1.0}"
03.webp,1,"[0, 5, 207, 390]",detection_plausibility,False,none,"{'box_width': 207, 'box_height': 385, 'source_len': 2, 'confidence': None, 'chars_per_100px_height': 0.52}"
04.webp,1,"[991, 677, 1183, 956]",text_fit,False,none,"{'box_width': 192, 'box_height': 279}"
04.webp,1,"[991, 677, 1183, 956]",translation_sanity,False,none,"{'source_text': '嗯喔噢噢噢咕噢噢～哦！V', 'translation': '', 'source_len': 12, 'translation_len': 0}"
04.webp,1,"[991, 677, 1183, 956]",detection_plausibility,False,none,"{'box_width': 192, 'box_height': 279, 'source_len': 12, 'confidence': None, 'chars_per_100px_height': 4.3}"
04.webp,1,"[644, 1142, 1249, 1738]",text_fit,False,none,"{'box_width': 605, 'box_height': 596, 'chosen_font_size': 10, 'ceiling_font_size': 596, 'line_count': 1, 'lines': ['Whoa! Oh... huh...'], 'max_line_width': 81, 'total_text_height': 8, 'width_overflow_px': 0, 'height_overflow_px': 0, 'box_aspect_h_over_w': 0.99, 'hard_wrapped_single_word': False}"
04.webp,1,"[644, 1142, 1249, 1738]",translation_sanity,False,none,"{'source_text': 'H噢哦噢噢哦！嗯咯噢 喔噢…哈啊隆咕', 'translation': 'Whoa! Oh... huh...', 'source_len': 18, 'translation_len': 18, 'ratio': 1.0}"
04.webp,1,"[644, 1142, 1249, 1738]",detection_plausibility,False,none,"{'box_width': 605, 'box_height': 596, 'source_len': 18, 'confidence': None, 'chars_per_100px_height': 3.02}"
04.webp,1,"[403, 0, 711, 296]",text_fit,False,none,"{'box_width': 308, 'box_height': 296, 'chosen_font_size': 10, 'ceiling_font_size': 296, 'line_count': 1, 'lines': ['Big N'], 'max_line_width': 25, 'total_text_height': 10, 'width_overflow_px': 0, 'height_overflow_px': 0, 'box_aspect_h_over_w': 0.96, 'hard_wrapped_single_word': False}"
04.webp,1,"[403, 0, 711, 296]",translation_sanity,False,none,"{'source_text': '大N', 'translation': 'Big N', 'source_len': 2, 'translation_len': 5, 'ratio': 2.5}"
04.webp,1,"[403, 0, 711, 296]",detection_plausibility,False,none,"{'box_width': 308, 'box_height': 296, 'source_len': 2, 'confidence': None, 'chars_per_100px_height': 0.68}"
04.webp,1,"[0, 0, 176, 270]",text_fit,False,none,"{'box_width': 176, 'box_height': 270, 'chosen_font_size': 10, 'ceiling_font_size': 176, 'line_count': 1, 'lines': ['also'], 'max_line_width': 17, 'total_text_height': 8, 'width_overflow_px': 0, 'height_overflow_px': 0, 'box_aspect_h_over_w': 1.53, 'hard_wrapped_single_word': False}"
04.webp,1,"[0, 0, 176, 270]",translation_sanity,False,none,"{'source_text': 'も', 'translation': 'also', 'source_len': 1, 'translation_len': 4, 'ratio': 4.0}"
04.webp,1,"[0, 0, 176, 270]",detection_plausibility,False,none,"{'box_width': 176, 'box_height': 270, 'source_len': 1, 'confidence': None, 'chars_per_100px_height': 0.37}"
04.webp,1,"[0, 356, 687, 1566]",text_fit,False,none,"{'box_width': 687, 'box_height': 1210, 'chosen_font_size': 10, 'ceiling_font_size': 687, 'line_count': 1, 'lines': ['I... uh...'], 'max_line_width': 31, 'total_text_height': 8, 'width_overflow_px': 0, 'height_overflow_px': 0, 'box_aspect_h_over_w': 1.76, 'hard_wrapped_single_word': False}"
04.webp,1,"[0, 356, 687, 1566]",translation_sanity,False,none,"{'source_text': '之B我元元元…', 'translation': 'I... uh...', 'source_len': 7, 'translation_len': 10, 'ratio': 1.43}"
04.webp,1,"[0, 356, 687, 1566]",detection_plausibility,False,none,"{'box_width': 687, 'box_height': 1210, 'source_len': 7, 'confidence': None, 'chars_per_100px_height': 0.58}"
06.webp,1,"[1091, 1237, 1155, 1458]",text_fit,False,none,"{'box_width': 64, 'box_height': 221, 'chosen_font_size': 10, 'ceiling_font_size': 64, 'line_count': 1, 'lines': ['0.1 star… leak'], 'max_line_width': 60, 'total_text_height': 8, 'width_overflow_px': 0, 'height_overflow_px': 0, 'box_aspect_h_over_w': 3.45, 'hard_wrapped_single_word': False}"
06.webp,1,"[1091, 1237, 1155, 1458]",translation_sanity,False,none,"{'source_text': '0一星……漏', 'translation': '0.1 star… leak', 'source_len': 6, 'translation_len': 14, 'ratio': 2.33}"
06.webp,1,"[1091, 1237, 1155, 1458]",detection_plausibility,False,none,"{'box_width': 64, 'box_height': 221, 'source_len': 6, 'confidence': None, 'chars_per_100px_height': 2.71}"
06.webp,1,"[1074, 887, 1214, 1194]",text_fit,False,none,"{'box_width': 140, 'box_height': 307}"
06.webp,1,"[1074, 887, 1214, 1194]",translation_sanity,False,none,"{'source_text': '', 'translation': '', 'source_len': 0, 'translation_len': 0}"
06.webp,1,"[1074, 887, 1214, 1194]",detection_plausibility,False,none,"{'box_width': 140, 'box_height': 307, 'source_len': 0, 'confidence': None}"
06.webp,1,"[1028, 330, 1083, 468]",text_fit,False,none,"{'box_width': 55, 'box_height': 138, 'chosen_font_size': 10, 'ceiling_font_size': 55, 'line_count': 1, 'lines': ['… uh…'], 'max_line_width': 28, 'total_text_height': 8, 'width_overflow_px': 0, 'height_overflow_px': 0, 'box_aspect_h_over_w': 2.51, 'hard_wrapped_single_word': False}"
06.webp,1,"[1028, 330, 1083, 468]",translation_sanity,False,none,"{'source_text': '……呃', 'translation': '… uh…', 'source_len': 3, 'translation_len': 5, 'ratio': 1.67}"
06.webp,1,"[1028, 330, 1083, 468]",detection_plausibility,False,none,"{'box_width': 55, 'box_height': 138, 'source_len': 3, 'confidence': None, 'chars_per_100px_height': 2.17}"
06.webp,1,"[788, 587, 964, 880]",text_fit,False,none,"{'box_width': 176, 'box_height': 293, 'chosen_font_size': 10, 'ceiling_font_size': 176, 'line_count': 1, 'lines': ['Exactly!'], 'max_line_width': 35, 'total_text_height': 10, 'width_overflow_px': 0, 'height_overflow_px': 0, 'box_aspect_h_over_w': 1.66, 'hard_wrapped_single_word': False}"
06.webp,1,"[788, 587, 964, 880]",translation_sanity,False,none,"{'source_text': '正', 'translation': 'Exactly!', 'source_len': 1, 'translation_len': 8, 'ratio': 8.0}"
06.webp,1,"[788, 587, 964, 880]",detection_plausibility,False,none,"{'box_width': 176, 'box_height': 293, 'source_len': 1, 'confidence': None, 'chars_per_100px_height': 0.34}"
06.webp,1,"[745, 1432, 840, 1583]",text_fit,False,none,"{'box_width': 95, 'box_height': 151, 'chosen_font_size': 10, 'ceiling_font_size': 95, 'line_count': 1, 'lines': ['Taste it!'], 'max_line_width': 35, 'total_text_height': 8, 'width_overflow_px': 0, 'height_overflow_px': 0, 'box_aspect_h_over_w': 1.59, 'hard_wrapped_single_word': False}"
06.webp,1,"[745, 1432, 840, 1583]",translation_sanity,False,none,"{'source_text': '品', 'translation': 'Taste it!', 'source_len': 1, 'translation_len': 9, 'ratio': 9.0}"
06.webp,1,"[745, 1432, 840, 1583]",detection_plausibility,False,none,"{'box_width': 95, 'box_height': 151, 'source_len': 1, 'confidence': None, 'chars_per_100px_height': 0.66}"
06.webp,1,"[420, 1606, 442, 1636]",text_fit,False,none,"{'box_width': 22, 'box_height': 30, 'chosen_font_size': 10, 'ceiling_font_size': 22, 'line_count': 1, 'lines': ['I'], 'max_line_width': 3, 'total_text_height': 8, 'width_overflow_px': 0, 'height_overflow_px': 0, 'box_aspect_h_over_w': 1.36, 'hard_wrapped_single_word': False}"
06.webp,1,"[420, 1606, 442, 1636]",translation_sanity,True,high,"{'source_text': 'I', 'translation': 'I', 'source_len': 1, 'translation_len': 1}"
06.webp,1,"[420, 1606, 442, 1636]",detection_plausibility,False,none,"{'box_width': 22, 'box_height': 30, 'source_len': 1, 'confidence': None, 'chars_per_100px_height': 3.33}"
06.webp,1,"[11, 1081, 311, 1505]",text_fit,False,none,"{'box_width': 300, 'box_height': 424, 'chosen_font_size': 10, 'ceiling_font_size': 300, 'line_count': 1, 'lines': [""Yu Xiang's mother... baby?""], 'max_line_width': 117, 'total_text_height': 10, 'width_overflow_px': 0, 'height_overflow_px': 0, 'box_aspect_h_over_w': 1.41, 'hard_wrapped_single_word': False}"
06.webp,1,"[11, 1081, 311, 1505]",translation_sanity,False,none,"{'source_text': '喻响母…婴8ヒ', 'translation': ""Yu Xiang's mother... baby?"", 'source_len': 7, 'translation_len': 26, 'ratio': 3.71}"
06.webp,1,"[11, 1081, 311, 1505]",detection_plausibility,False,none,"{'box_width': 300, 'box_height': 424, 'source_len': 7, 'confidence': None, 'chars_per_100px_height': 1.65}"
06.webp,1,"[0, 393, 328, 735]",text_fit,False,none,"{'box_width': 328, 'box_height': 342, 'chosen_font_size': 10, 'ceiling_font_size': 328, 'line_count': 1, 'lines': ['Pnzy'], 'max_line_width': 25, 'total_text_height': 10, 'width_overflow_px': 0, 'height_overflow_px': 0, 'box_aspect_h_over_w': 1.04, 'hard_wrapped_single_word': False}"
06.webp,1,"[0, 393, 328, 735]",translation_sanity,True,high,"{'source_text': 'Pnzy', 'translation': 'Pnzy', 'source_len': 4, 'translation_len': 4}"
06.webp,1,"[0, 393, 328, 735]",detection_plausibility,False,none,"{'box_width': 328, 'box_height': 342, 'source_len': 4, 'confidence': None, 'chars_per_100px_height': 1.17}"
07.webp,1,"[1057, 456, 1172, 699]",text_fit,False,none,"{'box_width': 115, 'box_height': 243, 'chosen_font_size': 10, 'ceiling_font_size': 115, 'line_count': 1, 'lines': ['Which... number?'], 'max_line_width': 83, 'total_text_height': 8, 'width_overflow_px': 0, 'height_overflow_px': 0, 'box_aspect_h_over_w': 2.11, 'hard_wrapped_single_word': False}"
07.webp,1,"[1057, 456, 1172, 699]",translation_sanity,False,none,"{'source_text': '哪…号号', 'translation': 'Which... number?', 'source_len': 4, 'translation_len': 16, 'ratio': 4.0}"
07.webp,1,"[1057, 456, 1172, 699]",detection_plausibility,False,none,"{'box_width': 115, 'box_height': 243, 'source_len': 4, 'confidence': None, 'chars_per_100px_height': 1.65}"
07.webp,1,"[1001, 1429, 1081, 1643]",text_fit,False,none,"{'box_width': 80, 'box_height': 214, 'chosen_font_size': 10, 'ceiling_font_size': 80, 'line_count': 1, 'lines': ['Huh… thing?'], 'max_line_width': 60, 'total_text_height': 10, 'width_overflow_px': 0, 'height_overflow_px': 0, 'box_aspect_h_over_w': 2.67, 'hard_wrapped_single_word': False}"
07.webp,1,"[1001, 1429, 1081, 1643]",translation_sanity,False,none,"{'source_text': 'HTTH…ふ品', 'translation': 'Huh… thing?', 'source_len': 7, 'translation_len': 11, 'ratio': 1.57}"
07.webp,1,"[1001, 1429, 1081, 1643]",detection_plausibility,False,none,"{'box_width': 80, 'box_height': 214, 'source_len': 7, 'confidence': None, 'chars_per_100px_height': 3.27}"
07.webp,1,"[945, 0, 1143, 156]",text_fit,False,none,"{'box_width': 198, 'box_height': 156, 'chosen_font_size': 10, 'ceiling_font_size': 156, 'line_count': 1, 'lines': ['a'], 'max_line_width': 5, 'total_text_height': 6, 'width_overflow_px': 0, 'height_overflow_px': 0, 'box_aspect_h_over_w': 0.79, 'hard_wrapped_single_word': False}"
07.webp,1,"[945, 0, 1143, 156]",translation_sanity,True,high,"{'source_text': 'a', 'translation': 'a', 'source_len': 1, 'translation_len': 1}"
07.webp,1,"[945, 0, 1143, 156]",detection_plausibility,False,none,"{'box_width': 198, 'box_height': 156, 'source_len': 1, 'confidence': None, 'chars_per_100px_height': 0.64}"
07.webp,1,"[597, 1255, 717, 1385]",text_fit,False,none,"{'box_width': 120, 'box_height': 130, 'chosen_font_size': 10, 'ceiling_font_size': 120, 'line_count': 1, 'lines': ['leaf'], 'max_line_width': 18, 'total_text_height': 9, 'width_overflow_px': 0, 'height_overflow_px': 0, 'box_aspect_h_over_w': 1.08, 'hard_wrapped_single_word': False}"
07.webp,1,"[597, 1255, 717, 1385]",translation_sanity,False,none,"{'source_text': '叶', 'translation': 'leaf', 'source_len': 1, 'translation_len': 4, 'ratio': 4.0}"
07.webp,1,"[597, 1255, 717, 1385]",detection_plausibility,False,none,"{'box_width': 120, 'box_height': 130, 'source_len': 1, 'confidence': None, 'chars_per_100px_height': 0.77}"
07.webp,1,"[350, 1573, 434, 1767]",text_fit,False,none,"{'box_width': 84, 'box_height': 194, 'chosen_font_size': 10, 'ceiling_font_size': 84, 'line_count': 1, 'lines': ['Ha!'], 'max_line_width': 16, 'total_text_height': 8, 'width_overflow_px': 0, 'height_overflow_px': 0, 'box_aspect_h_over_w': 2.31, 'hard_wrapped_single_word': False}"
07.webp,1,"[350, 1573, 434, 1767]",translation_sanity,False,none,"{'source_text': '哈啊', 'translation': 'Ha!', 'source_len': 2, 'translation_len': 3, 'ratio': 1.5}"
07.webp,1,"[350, 1573, 434, 1767]",detection_plausibility,False,none,"{'box_width': 84, 'box_height': 194, 'source_len': 2, 'confidence': None, 'chars_per_100px_height': 1.03}"
07.webp,1,"[99, 42, 437, 246]",text_fit,False,none,"{'box_width': 338, 'box_height': 204}"
07.webp,1,"[99, 42, 437, 246]",translation_sanity,False,none,"{'source_text': '294.7]', 'translation': '', 'source_len': 6, 'translation_len': 0}"
07.webp,1,"[99, 42, 437, 246]",detection_plausibility,False,none,"{'box_width': 338, 'box_height': 204, 'source_len': 6, 'confidence': None, 'chars_per_100px_height': 2.94}"
07.webp,1,"[62, 1418, 211, 1664]",text_fit,False,none,"{'box_width': 149, 'box_height': 246, 'chosen_font_size': 10, 'ceiling_font_size': 149, 'line_count': 1, 'lines': ['Um…'], 'max_line_width': 22, 'total_text_height': 8, 'width_overflow_px': 0, 'height_overflow_px': 0, 'box_aspect_h_over_w': 1.65, 'hard_wrapped_single_word': False}"
07.webp,1,"[62, 1418, 211, 1664]",translation_sanity,False,none,"{'source_text': '…嗯…', 'translation': 'Um…', 'source_len': 3, 'translation_len': 3, 'ratio': 1.0}"
07.webp,1,"[62, 1418, 211, 1664]",detection_plausibility,False,none,"{'box_width': 149, 'box_height': 246, 'source_len': 3, 'confidence': None, 'chars_per_100px_height': 1.22}"
07.webp,1,"[0, 444, 265, 1031]",text_fit,False,none,"{'box_width': 265, 'box_height': 587, 'chosen_font_size': 10, 'ceiling_font_size': 265, 'line_count': 1, 'lines': [""...? ♪ Girls' school""], 'max_line_width': 72, 'total_text_height': 8, 'width_overflow_px': 0, 'height_overflow_px': 0, 'box_aspect_h_over_w': 2.22, 'hard_wrapped_single_word': False}"
07.webp,1,"[0, 444, 265, 1031]",translation_sanity,False,none,"{'source_text': '…¿♪8女学', 'translation': ""...? ♪ Girls' school"", 'source_len': 6, 'translation_len': 20, 'ratio': 3.33}"
07.webp,1,"[0, 444, 265, 1031]",detection_plausibility,False,none,"{'box_width': 265, 'box_height': 587, 'source_len': 6, 'confidence': None, 'chars_per_100px_height': 1.02}"
08.webp,1,"[1003, 108, 1130, 374]",text_fit,False,none,"{'box_width': 127, 'box_height': 266, 'chosen_font_size': 10, 'ceiling_font_size': 127, 'line_count': 1, 'lines': ['Type three... type zero?'], 'max_line_width': 106, 'total_text_height': 10, 'width_overflow_px': 0, 'height_overflow_px': 0, 'box_aspect_h_over_w': 2.09, 'hard_wrapped_single_word': False}"
08.webp,1,"[1003, 108, 1130, 374]",translation_sanity,False,none,"{'source_text': '…3号品…号号0', 'translation': 'Type three... type zero?', 'source_len': 8, 'translation_len': 24, 'ratio': 3.0}"
08.webp,1,"[1003, 108, 1130, 374]",detection_plausibility,False,none,"{'box_width': 127, 'box_height': 266, 'source_len': 8, 'confidence': None, 'chars_per_100px_height': 3.01}"
08.webp,1,"[873, 1539, 1240, 1808]",text_fit,False,none,"{'box_width': 367, 'box_height': 269, 'chosen_font_size': 10, 'ceiling_font_size': 269, 'line_count': 1, 'lines': ['Yo!'], 'max_line_width': 14, 'total_text_height': 8, 'width_overflow_px': 0, 'height_overflow_px': 0, 'box_aspect_h_over_w': 0.73, 'hard_wrapped_single_word': False}"
08.webp,1,"[873, 1539, 1240, 1808]",translation_sanity,False,none,"{'source_text': '0カー!', 'translation': 'Yo!', 'source_len': 4, 'translation_len': 3, 'ratio': 0.75}"
08.webp,1,"[873, 1539, 1240, 1808]",detection_plausibility,False,none,"{'box_width': 367, 'box_height': 269, 'source_len': 4, 'confidence': None, 'chars_per_100px_height': 1.49}"
08.webp,1,"[648, 1449, 658, 1466]",text_fit,False,none,"{'box_width': 10, 'box_height': 17}"
08.webp,1,"[648, 1449, 658, 1466]",translation_sanity,False,none,"{'source_text': '', 'translation': '', 'source_len': 0, 'translation_len': 0}"
08.webp,1,"[648, 1449, 658, 1466]",detection_plausibility,False,none,"{'box_width': 10, 'box_height': 17, 'source_len': 0, 'confidence': None}"
08.webp,1,"[476, 469, 620, 776]",text_fit,False,none,"{'box_width': 144, 'box_height': 307, 'chosen_font_size': 10, 'ceiling_font_size': 144, 'line_count': 1, 'lines': ['Please…'], 'max_line_width': 36, 'total_text_height': 8, 'width_overflow_px': 0, 'height_overflow_px': 0, 'box_aspect_h_over_w': 2.13, 'hard_wrapped_single_word': False}"
08.webp,1,"[476, 469, 620, 776]",translation_sanity,False,none,"{'source_text': '…德…Q', 'translation': 'Please…', 'source_len': 4, 'translation_len': 7, 'ratio': 1.75}"
08.webp,1,"[476, 469, 620, 776]",detection_plausibility,False,none,"{'box_width': 144, 'box_height': 307, 'source_len': 4, 'confidence': None, 'chars_per_100px_height': 1.3}"
08.webp,1,"[217, 83, 308, 217]",text_fit,False,none,"{'box_width': 91, 'box_height': 134, 'chosen_font_size': 10, 'ceiling_font_size': 91, 'line_count': 1, 'lines': ['product'], 'max_line_width': 36, 'total_text_height': 10, 'width_overflow_px': 0, 'height_overflow_px': 0, 'box_aspect_h_over_w': 1.47, 'hard_wrapped_single_word': False}"
08.webp,1,"[217, 83, 308, 217]",translation_sanity,False,none,"{'source_text': '品', 'translation': 'product', 'source_len': 1, 'translation_len': 7, 'ratio': 7.0}"
08.webp,1,"[217, 83, 308, 217]",detection_plausibility,False,none,"{'box_width': 91, 'box_height': 134, 'source_len': 1, 'confidence': None, 'chars_per_100px_height': 0.75}"
08.webp,1,"[38, 506, 337, 951]",text_fit,False,none,"{'box_width': 299, 'box_height': 445, 'chosen_font_size': 10, 'ceiling_font_size': 299, 'line_count': 1, 'lines': ['Crap!'], 'max_line_width': 25, 'total_text_height': 10, 'width_overflow_px': 0, 'height_overflow_px': 0, 'box_aspect_h_over_w': 1.49, 'hard_wrapped_single_word': False}"
08.webp,1,"[38, 506, 337, 951]",translation_sanity,False,none,"{'source_text': 'C品', 'translation': 'Crap!', 'source_len': 2, 'translation_len': 5, 'ratio': 2.5}"
08.webp,1,"[38, 506, 337, 951]",detection_plausibility,False,none,"{'box_width': 299, 'box_height': 445, 'source_len': 2, 'confidence': None, 'chars_per_100px_height': 0.45}"
08.webp,1,"[0, 1344, 398, 1808]",text_fit,False,none,"{'box_width': 398, 'box_height': 464, 'chosen_font_size': 10, 'ceiling_font_size': 398, 'line_count': 1, 'lines': ['Gulp'], 'max_line_width': 23, 'total_text_height': 10, 'width_overflow_px': 0, 'height_overflow_px': 0, 'box_aspect_h_over_w': 1.17, 'hard_wrapped_single_word': False}"
08.webp,1,"[0, 1344, 398, 1808]",translation_sanity,False,none,"{'source_text': 'GU', 'translation': 'Gulp', 'source_len': 2, 'translation_len': 4, 'ratio': 2.0}"
08.webp,1,"[0, 1344, 398, 1808]",detection_plausibility,False,none,"{'box_width': 398, 'box_height': 464, 'source_len': 2, 'confidence': None, 'chars_per_100px_height': 0.43}"
09.webp,1,"[1106, 117, 1165, 347]",text_fit,False,none,"{'box_width': 59, 'box_height': 230, 'chosen_font_size': 10, 'ceiling_font_size': 59, 'line_count': 2, 'lines': ['Hmph…', 'hmph…'], 'max_line_width': 36, 'total_text_height': 22, 'width_overflow_px': 0, 'height_overflow_px': 0, 'box_aspect_h_over_w': 3.9, 'hard_wrapped_single_word': False}"
09.webp,1,"[1106, 117, 1165, 347]",translation_sanity,False,none,"{'source_text': '哼嗯…哼嗯…', 'translation': 'Hmph… hmph…', 'source_len': 6, 'translation_len': 11, 'ratio': 1.83}"
09.webp,1,"[1106, 117, 1165, 347]",detection_plausibility,False,none,"{'box_width': 59, 'box_height': 230, 'source_len': 6, 'confidence': None, 'chars_per_100px_height': 2.61}"
09.webp,1,"[1100, 519, 1203, 712]",text_fit,False,none,"{'box_width': 103, 'box_height': 193, 'chosen_font_size': 10, 'ceiling_font_size': 103, 'line_count': 1, 'lines': ['When one—'], 'max_line_width': 55, 'total_text_height': 8, 'width_overflow_px': 0, 'height_overflow_px': 0, 'box_aspect_h_over_w': 1.87, 'hard_wrapped_single_word': False}"
09.webp,1,"[1100, 519, 1203, 712]",translation_sanity,False,none,"{'source_text': '当一', 'translation': 'When one—', 'source_len': 2, 'translation_len': 9, 'ratio': 4.5}"
09.webp,1,"[1100, 519, 1203, 712]",detection_plausibility,False,none,"{'box_width': 103, 'box_height': 193, 'source_len': 2, 'confidence': None, 'chars_per_100px_height': 1.04}"
09.webp,1,"[999, 1377, 1134, 1549]",text_fit,False,none,"{'box_width': 135, 'box_height': 172}"
09.webp,1,"[999, 1377, 1134, 1549]",translation_sanity,False,none,"{'source_text': '', 'translation': '', 'source_len': 0, 'translation_len': 0}"
09.webp,1,"[999, 1377, 1134, 1549]",detection_plausibility,False,none,"{'box_width': 135, 'box_height': 172, 'source_len': 0, 'confidence': None}"
09.webp,1,"[700, 131, 723, 144]",text_fit,True,high,"{'box_width': 23, 'box_height': 13, 'chosen_font_size': 10, 'ceiling_font_size': 13, 'line_count': 3, 'lines': ['TH', 'WAC', 'K'], 'max_line_width': 23, 'total_text_height': 28, 'width_overflow_px': 0, 'height_overflow_px': 15, 'box_aspect_h_over_w': 0.57, 'hard_wrapped_single_word': True}"
09.webp,1,"[700, 131, 723, 144]",translation_sanity,False,none,"{'source_text': 'TII', 'translation': 'THWACK', 'source_len': 3, 'translation_len': 6, 'ratio': 2.0}"
09.webp,1,"[700, 131, 723, 144]",detection_plausibility,False,none,"{'box_width': 23, 'box_height': 13, 'source_len': 3, 'confidence': None, 'chars_per_100px_height': 23.08}"
09.webp,1,"[511, 652, 614, 865]",text_fit,False,none,"{'box_width': 103, 'box_height': 213, 'chosen_font_size': 10, 'ceiling_font_size': 103, 'line_count': 1, 'lines': ['zero one'], 'max_line_width': 41, 'total_text_height': 6, 'width_overflow_px': 0, 'height_overflow_px': 0, 'box_aspect_h_over_w': 2.07, 'hard_wrapped_single_word': False}"
09.webp,1,"[511, 652, 614, 865]",translation_sanity,False,none,"{'source_text': '0一', 'translation': 'zero one', 'source_len': 2, 'translation_len': 8, 'ratio': 4.0}"
09.webp,1,"[511, 652, 614, 865]",detection_plausibility,False,none,"{'box_width': 103, 'box_height': 213, 'source_len': 2, 'confidence': None, 'chars_per_100px_height': 0.94}"
09.webp,1,"[105, 808, 403, 1145]",text_fit,False,none,"{'box_width': 298, 'box_height': 337, 'chosen_font_size': 10, 'ceiling_font_size': 298, 'line_count': 1, 'lines': ['9委日沽沽'], 'max_line_width': 26, 'total_text_height': 8, 'width_overflow_px': 0, 'height_overflow_px': 0, 'box_aspect_h_over_w': 1.13, 'hard_wrapped_single_word': False}"
09.webp,1,"[105, 808, 403, 1145]",translation_sanity,True,high,"{'source_text': '9委日沽沽', 'translation': '9委日沽沽', 'source_len': 5, 'translation_len': 5}"
09.webp,1,"[105, 808, 403, 1145]",detection_plausibility,False,none,"{'box_width': 298, 'box_height': 337, 'source_len': 5, 'confidence': None, 'chars_per_100px_height': 1.48}"
09.webp,1,"[42, 1326, 309, 1748]",text_fit,False,none,"{'box_width': 267, 'box_height': 422, 'chosen_font_size': 10, 'ceiling_font_size': 267, 'line_count': 1, 'lines': ['CSB'], 'max_line_width': 19, 'total_text_height': 8, 'width_overflow_px': 0, 'height_overflow_px': 0, 'box_aspect_h_over_w': 1.58, 'hard_wrapped_single_word': False}"
09.webp,1,"[42, 1326, 309, 1748]",translation_sanity,True,high,"{'source_text': 'CSB', 'translation': 'CSB', 'source_len': 3, 'translation_len': 3}"
09.webp,1,"[42, 1326, 309, 1748]",detection_plausibility,False,none,"{'box_width': 267, 'box_height': 422, 'source_len': 3, 'confidence': None, 'chars_per_100px_height': 0.71}"
09.webp,1,"[0, 0, 632, 496]",text_fit,False,none,"{'box_width': 632, 'box_height': 496, 'chosen_font_size': 10, 'ceiling_font_size': 496, 'line_count': 1, 'lines': ['Hmm…'], 'max_line_width': 32, 'total_text_height': 8, 'width_overflow_px': 0, 'height_overflow_px': 0, 'box_aspect_h_over_w': 0.78, 'hard_wrapped_single_word': False}"
09.webp,1,"[0, 0, 632, 496]",translation_sanity,False,none,"{'source_text': '嗯…哼嗯', 'translation': 'Hmm…', 'source_len': 4, 'translation_len': 4, 'ratio': 1.0}"
09.webp,1,"[0, 0, 632, 496]",detection_plausibility,False,none,"{'box_width': 632, 'box_height': 496, 'source_len': 4, 'confidence': None, 'chars_per_100px_height': 0.81}"
15.webp,1,"[1065, 92, 1136, 304]",text_fit,False,none,"{'box_width': 71, 'box_height': 212, 'chosen_font_size': 10, 'ceiling_font_size': 71, 'line_count': 1, 'lines': ['Hey, duck!'], 'max_line_width': 50, 'total_text_height': 10, 'width_overflow_px': 0, 'height_overflow_px': 0, 'box_aspect_h_over_w': 2.99, 'hard_wrapped_single_word': False}"
15.webp,1,"[1065, 92, 1136, 304]",translation_sanity,False,none,"{'source_text': '照号 鸭', 'translation': 'Hey, duck!', 'source_len': 4, 'translation_len': 10, 'ratio': 2.5}"
15.webp,1,"[1065, 92, 1136, 304]",detection_plausibility,False,none,"{'box_width': 71, 'box_height': 212, 'source_len': 4, 'confidence': None, 'chars_per_100px_height': 1.89}"
15.webp,1,"[928, 759, 1280, 1443]",text_fit,False,none,"{'box_width': 352, 'box_height': 684, 'chosen_font_size': 10, 'ceiling_font_size': 352, 'line_count': 1, 'lines': ['000 Sea Heart Bureau'], 'max_line_width': 102, 'total_text_height': 8, 'width_overflow_px': 0, 'height_overflow_px': 0, 'box_aspect_h_over_w': 1.94, 'hard_wrapped_single_word': False}"
15.webp,1,"[928, 759, 1280, 1443]",translation_sanity,False,none,"{'source_text': '000海心局', 'translation': '000 Sea Heart Bureau', 'source_len': 6, 'translation_len': 20, 'ratio': 3.33}"
15.webp,1,"[928, 759, 1280, 1443]",detection_plausibility,False,none,"{'box_width': 352, 'box_height': 684, 'source_len': 6, 'confidence': None, 'chars_per_100px_height': 0.88}"
15.webp,1,"[855, 642, 872, 659]",text_fit,False,none,"{'box_width': 17, 'box_height': 17, 'chosen_font_size': 10, 'ceiling_font_size': 17, 'line_count': 1, 'lines': ['7'], 'max_line_width': 6, 'total_text_height': 8, 'width_overflow_px': 0, 'height_overflow_px': 0, 'box_aspect_h_over_w': 1.0, 'hard_wrapped_single_word': False}"
15.webp,1,"[855, 642, 872, 659]",translation_sanity,True,high,"{'source_text': '7', 'translation': '7', 'source_len': 1, 'translation_len': 1}"
15.webp,1,"[855, 642, 872, 659]",detection_plausibility,False,none,"{'box_width': 17, 'box_height': 17, 'source_len': 1, 'confidence': None, 'chars_per_100px_height': 5.88}"
15.webp,1,"[726, 125, 858, 464]",text_fit,False,none,"{'box_width': 132, 'box_height': 339, 'chosen_font_size': 10, 'ceiling_font_size': 132, 'line_count': 1, 'lines': ['Shisheng'], 'max_line_width': 46, 'total_text_height': 10, 'width_overflow_px': 0, 'height_overflow_px': 0, 'box_aspect_h_over_w': 2.57, 'hard_wrapped_single_word': False}"
15.webp,1,"[726, 125, 858, 464]",translation_sanity,False,none,"{'source_text': '世生', 'translation': 'Shisheng', 'source_len': 2, 'translation_len': 8, 'ratio': 4.0}"
15.webp,1,"[726, 125, 858, 464]",detection_plausibility,False,none,"{'box_width': 132, 'box_height': 339, 'source_len': 2, 'confidence': None, 'chars_per_100px_height': 0.59}"
15.webp,1,"[559, 689, 888, 1196]",text_fit,False,none,"{'box_width': 329, 'box_height': 507, 'chosen_font_size': 10, 'ceiling_font_size': 329, 'line_count': 1, 'lines': ['Oh... haha!'], 'max_line_width': 49, 'total_text_height': 8, 'width_overflow_px': 0, 'height_overflow_px': 0, 'box_aspect_h_over_w': 1.54, 'hard_wrapped_single_word': False}"
15.webp,1,"[559, 689, 888, 1196]",translation_sanity,False,none,"{'source_text': '喔噢…噗哈啊', 'translation': 'Oh... haha!', 'source_len': 6, 'translation_len': 11, 'ratio': 1.83}"
15.webp,1,"[559, 689, 888, 1196]",detection_plausibility,False,none,"{'box_width': 329, 'box_height': 507, 'source_len': 6, 'confidence': None, 'chars_per_100px_height': 1.18}"
15.webp,1,"[137, 1227, 215, 1471]",text_fit,False,none,"{'box_width': 78, 'box_height': 244, 'chosen_font_size': 10, 'ceiling_font_size': 78, 'line_count': 1, 'lines': ['Oh?'], 'max_line_width': 18, 'total_text_height': 8, 'width_overflow_px': 0, 'height_overflow_px': 0, 'box_aspect_h_over_w': 3.13, 'hard_wrapped_single_word': False}"
15.webp,1,"[137, 1227, 215, 1471]",translation_sanity,False,none,"{'source_text': '号哪', 'translation': 'Oh?', 'source_len': 2, 'translation_len': 3, 'ratio': 1.5}"
15.webp,1,"[137, 1227, 215, 1471]",detection_plausibility,False,none,"{'box_width': 78, 'box_height': 244, 'source_len': 2, 'confidence': None, 'chars_per_100px_height': 0.82}"
15.webp,1,"[68, 0, 680, 380]",text_fit,False,none,"{'box_width': 612, 'box_height': 380, 'chosen_font_size': 10, 'ceiling_font_size': 380, 'line_count': 1, 'lines': ['Ooh ooh ooh!'], 'max_line_width': 60, 'total_text_height': 8, 'width_overflow_px': 0, 'height_overflow_px': 0, 'box_aspect_h_over_w': 0.62, 'hard_wrapped_single_word': False}"
15.webp,1,"[68, 0, 680, 380]",translation_sanity,False,none,"{'source_text': '写书华+噢噢噢', 'translation': 'Ooh ooh ooh!', 'source_len': 7, 'translation_len': 12, 'ratio': 1.71}"
15.webp,1,"[68, 0, 680, 380]",detection_plausibility,False,none,"{'box_width': 612, 'box_height': 380, 'source_len': 7, 'confidence': None, 'chars_per_100px_height': 1.84}"
17.webp,1,"[1111, 495, 1264, 740]",text_fit,False,none,"{'box_width': 153, 'box_height': 245, 'chosen_font_size': 10, 'ceiling_font_size': 153, 'line_count': 1, 'lines': ['Nngh'], 'max_line_width': 28, 'total_text_height': 10, 'width_overflow_px': 0, 'height_overflow_px': 0, 'box_aspect_h_over_w': 1.6, 'hard_wrapped_single_word': False}"
17.webp,1,"[1111, 495, 1264, 740]",translation_sanity,False,none,"{'source_text': 'んん', 'translation': 'Nngh', 'source_len': 2, 'translation_len': 4, 'ratio': 2.0}"
17.webp,1,"[1111, 495, 1264, 740]",detection_plausibility,False,none,"{'box_width': 153, 'box_height': 245, 'source_len': 2, 'confidence': None, 'chars_per_100px_height': 0.82}"
17.webp,1,"[1032, 997, 1084, 1076]",text_fit,False,none,"{'box_width': 52, 'box_height': 79, 'chosen_font_size': 10, 'ceiling_font_size': 52, 'line_count': 1, 'lines': ['Buzz'], 'max_line_width': 25, 'total_text_height': 8, 'width_overflow_px': 0, 'height_overflow_px': 0, 'box_aspect_h_over_w': 1.52, 'hard_wrapped_single_word': False}"
17.webp,1,"[1032, 997, 1084, 1076]",translation_sanity,False,none,"{'source_text': '嗡嗡', 'translation': 'Buzz', 'source_len': 2, 'translation_len': 4, 'ratio': 2.0}"
17.webp,1,"[1032, 997, 1084, 1076]",detection_plausibility,False,none,"{'box_width': 52, 'box_height': 79, 'source_len': 2, 'confidence': None, 'chars_per_100px_height': 2.53}"
17.webp,1,"[1005, 20, 1150, 219]",text_fit,False,none,"{'box_width': 145, 'box_height': 199, 'chosen_font_size': 10, 'ceiling_font_size': 145, 'line_count': 1, 'lines': ['VeAA'], 'max_line_width': 25, 'total_text_height': 8, 'width_overflow_px': 0, 'height_overflow_px': 0, 'box_aspect_h_over_w': 1.37, 'hard_wrapped_single_word': False}"
17.webp,1,"[1005, 20, 1150, 219]",translation_sanity,True,high,"{'source_text': 'VeAA', 'translation': 'VeAA', 'source_len': 4, 'translation_len': 4}"
17.webp,1,"[1005, 20, 1150, 219]",detection_plausibility,False,none,"{'box_width': 145, 'box_height': 199, 'source_len': 4, 'confidence': None, 'chars_per_100px_height': 2.01}"
17.webp,1,"[848, 1643, 867, 1669]",text_fit,False,none,"{'box_width': 19, 'box_height': 26, 'chosen_font_size': 10, 'ceiling_font_size': 19, 'line_count': 1, 'lines': ['I'], 'max_line_width': 3, 'total_text_height': 8, 'width_overflow_px': 0, 'height_overflow_px': 0, 'box_aspect_h_over_w': 1.37, 'hard_wrapped_single_word': False}"
17.webp,1,"[848, 1643, 867, 1669]",translation_sanity,False,none,"{'source_text': 'w', 'translation': 'I', 'source_len': 1, 'translation_len': 1, 'ratio': 1.0}"
17.webp,1,"[848, 1643, 867, 1669]",detection_plausibility,False,none,"{'box_width': 19, 'box_height': 26, 'source_len': 1, 'confidence': None, 'chars_per_100px_height': 3.85}"
17.webp,1,"[753, 1172, 805, 1252]",text_fit,False,none,"{'box_width': 52, 'box_height': 80, 'chosen_font_size': 10, 'ceiling_font_size': 52, 'line_count': 1, 'lines': ['Buzz!'], 'max_line_width': 28, 'total_text_height': 8, 'width_overflow_px': 0, 'height_overflow_px': 0, 'box_aspect_h_over_w': 1.54, 'hard_wrapped_single_word': False}"
17.webp,1,"[753, 1172, 805, 1252]",translation_sanity,False,none,"{'source_text': '嗡嗡', 'translation': 'Buzz!', 'source_len': 2, 'translation_len': 5, 'ratio': 2.5}"
17.webp,1,"[753, 1172, 805, 1252]",detection_plausibility,False,none,"{'box_width': 52, 'box_height': 80, 'source_len': 2, 'confidence': None, 'chars_per_100px_height': 2.5}"
17.webp,1,"[461, 879, 771, 1237]",text_fit,False,none,"{'box_width': 310, 'box_height': 358, 'chosen_font_size': 10, 'ceiling_font_size': 310, 'line_count': 1, 'lines': ['Is Hikari here…?'], 'max_line_width': 73, 'total_text_height': 8, 'width_overflow_px': 0, 'height_overflow_px': 0, 'box_aspect_h_over_w': 1.15, 'hard_wrapped_single_word': False}"
17.webp,1,"[461, 879, 771, 1237]",translation_sanity,False,none,"{'source_text': '光在在这里吗…？', 'translation': 'Is Hikari here…?', 'source_len': 8, 'translation_len': 16, 'ratio': 2.0}"
17.webp,1,"[461, 879, 771, 1237]",detection_plausibility,False,none,"{'box_width': 310, 'box_height': 358, 'source_len': 8, 'confidence': None, 'chars_per_100px_height': 2.23}"
17.webp,1,"[425, 358, 514, 491]",text_fit,False,none,"{'box_width': 89, 'box_height': 133, 'chosen_font_size': 10, 'ceiling_font_size': 89, 'line_count': 1, 'lines': ['One foot, pull.'], 'max_line_width': 63, 'total_text_height': 11, 'width_overflow_px': 0, 'height_overflow_px': 0, 'box_aspect_h_over_w': 1.49, 'hard_wrapped_single_word': False}"
17.webp,1,"[425, 358, 514, 491]",translation_sanity,False,none,"{'source_text': '一足索一', 'translation': 'One foot, pull.', 'source_len': 4, 'translation_len': 15, 'ratio': 3.75}"
17.webp,1,"[425, 358, 514, 491]",detection_plausibility,False,none,"{'box_width': 89, 'box_height': 133, 'source_len': 4, 'confidence': None, 'chars_per_100px_height': 3.01}"
17.webp,1,"[422, 1516, 539, 1702]",text_fit,False,none,"{'box_width': 117, 'box_height': 186, 'chosen_font_size': 10, 'ceiling_font_size': 117, 'line_count': 3, 'lines': ['If you don’t, I’ll shave your', 'brows again—next time I’ll', 'take them all off.'], 'max_line_width': 117, 'total_text_height': 34, 'width_overflow_px': 0, 'height_overflow_px': 0, 'box_aspect_h_over_w': 1.59, 'hard_wrapped_single_word': False}"
17.webp,1,"[422, 1516, 539, 1702]",translation_sanity,False,none,"{'source_text': '不做的话再剃你眉毛哦！下次全剃光', 'translation': 'If you don’t, I’ll shave your brows again—next time I’ll take them all off.', 'source_len': 16, 'translation_len': 75, 'ratio': 4.69}"
17.webp,1,"[422, 1516, 539, 1702]",detection_plausibility,False,none,"{'box_width': 117, 'box_height': 186, 'source_len': 16, 'confidence': None, 'chars_per_100px_height': 8.6}"
17.webp,1,"[337, 1397, 381, 1453]",text_fit,False,none,"{'box_width': 44, 'box_height': 56, 'chosen_font_size': 10, 'ceiling_font_size': 44, 'line_count': 1, 'lines': ['0'], 'max_line_width': 6, 'total_text_height': 8, 'width_overflow_px': 0, 'height_overflow_px': 0, 'box_aspect_h_over_w': 1.27, 'hard_wrapped_single_word': False}"
17.webp,1,"[337, 1397, 381, 1453]",translation_sanity,True,high,"{'source_text': '0', 'translation': '0', 'source_len': 1, 'translation_len': 1}"
17.webp,1,"[337, 1397, 381, 1453]",detection_plausibility,False,none,"{'box_width': 44, 'box_height': 56, 'source_len': 1, 'confidence': None, 'chars_per_100px_height': 1.79}"
17.webp,1,"[313, 138, 360, 202]",text_fit,False,none,"{'box_width': 47, 'box_height': 64}"
17.webp,1,"[313, 138, 360, 202]",translation_sanity,False,none,"{'source_text': '', 'translation': '', 'source_len': 0, 'translation_len': 0}"
17.webp,1,"[313, 138, 360, 202]",detection_plausibility,False,none,"{'box_width': 47, 'box_height': 64, 'source_len': 0, 'confidence': None}"
17.webp,1,"[271, 468, 352, 654]",text_fit,False,none,"{'box_width': 81, 'box_height': 186, 'chosen_font_size': 10, 'ceiling_font_size': 81, 'line_count': 2, 'lines': ['Hey Yotsuba, are', 'you out?'], 'max_line_width': 76, 'total_text_height': 22, 'width_overflow_px': 0, 'height_overflow_px': 0, 'box_aspect_h_over_w': 2.3, 'hard_wrapped_single_word': False}"
17.webp,1,"[271, 468, 352, 654]",translation_sanity,False,none,"{'source_text': '喂四叶，你现在在外面吗？', 'translation': 'Hey Yotsuba, are you out?', 'source_len': 12, 'translation_len': 25, 'ratio': 2.08}"
17.webp,1,"[271, 468, 352, 654]",detection_plausibility,False,none,"{'box_width': 81, 'box_height': 186, 'source_len': 12, 'confidence': None, 'chars_per_100px_height': 6.45}"
17.webp,1,"[219, 897, 300, 1096]",text_fit,False,none,"{'box_width': 81, 'box_height': 199, 'chosen_font_size': 10, 'ceiling_font_size': 81, 'line_count': 5, 'lines': [""Let's do the"", 'octopus dance', 'right here and', 'sing our high', 'school anthem!'], 'max_line_width': 72, 'total_text_height': 54, 'width_overflow_px': 0, 'height_overflow_px': 0, 'box_aspect_h_over_w': 2.46, 'hard_wrapped_single_word': False}"
17.webp,1,"[219, 897, 300, 1096]",translation_sanity,False,none,"{'source_text': '就地跳章鱼舞唱高中校歌！', 'translation': ""Let's do the octopus dance right here and sing our high school anthem!"", 'source_len': 12, 'translation_len': 70, 'ratio': 5.83}"
17.webp,1,"[219, 897, 300, 1096]",detection_plausibility,False,none,"{'box_width': 81, 'box_height': 199, 'source_len': 12, 'confidence': None, 'chars_per_100px_height': 6.03}"
17.webp,1,"[113, 173, 243, 328]",text_fit,False,none,"{'box_width': 130, 'box_height': 155, 'chosen_font_size': 10, 'ceiling_font_size': 130, 'line_count': 1, 'lines': ['River flavor'], 'max_line_width': 51, 'total_text_height': 9, 'width_overflow_px': 0, 'height_overflow_px': 0, 'box_aspect_h_over_w': 1.19, 'hard_wrapped_single_word': False}"
17.webp,1,"[113, 173, 243, 328]",translation_sanity,False,none,"{'source_text': '江味', 'translation': 'River flavor', 'source_len': 2, 'translation_len': 12, 'ratio': 6.0}"
17.webp,1,"[113, 173, 243, 328]",detection_plausibility,False,none,"{'box_width': 130, 'box_height': 155, 'source_len': 2, 'confidence': None, 'chars_per_100px_height': 1.29}"
17.webp,1,"[75, 1549, 127, 1672]",text_fit,False,none,"{'box_width': 52, 'box_height': 123, 'chosen_font_size': 10, 'ceiling_font_size': 52, 'line_count': 1, 'lines': ['tsk...'], 'max_line_width': 19, 'total_text_height': 8, 'width_overflow_px': 0, 'height_overflow_px': 0, 'box_aspect_h_over_w': 2.37, 'hard_wrapped_single_word': False}"
17.webp,1,"[75, 1549, 127, 1672]",translation_sanity,False,none,"{'source_text': 'つ……', 'translation': 'tsk...', 'source_len': 3, 'translation_len': 6, 'ratio': 2.0}"
17.webp,1,"[75, 1549, 127, 1672]",detection_plausibility,False,none,"{'box_width': 52, 'box_height': 123, 'source_len': 3, 'confidence': None, 'chars_per_100px_height': 2.44}"
17.webp,1,"[68, 533, 151, 679]",text_fit,False,none,"{'box_width': 83, 'box_height': 146, 'chosen_font_size': 10, 'ceiling_font_size': 83, 'line_count': 2, 'lines': ['Yeah, yeah… at', 'school…'], 'max_line_width': 67, 'total_text_height': 20, 'width_overflow_px': 0, 'height_overflow_px': 0, 'box_aspect_h_over_w': 1.76, 'hard_wrapped_single_word': False}"
17.webp,1,"[68, 533, 151, 679]",translation_sanity,False,none,"{'source_text': '是是的…在学校…', 'translation': 'Yeah, yeah… at school…', 'source_len': 8, 'translation_len': 22, 'ratio': 2.75}"
17.webp,1,"[68, 533, 151, 679]",detection_plausibility,False,none,"{'box_width': 83, 'box_height': 146, 'source_len': 8, 'confidence': None, 'chars_per_100px_height': 5.48}"
18.webp,1,"[943, 60, 1031, 224]",text_fit,False,none,"{'box_width': 88, 'box_height': 164, 'chosen_font_size': 10, 'ceiling_font_size': 88, 'line_count': 3, 'lines': ['Whoa, those green', 'mountains rise so', 'majestically!'], 'max_line_width': 87, 'total_text_height': 32, 'width_overflow_px': 0, 'height_overflow_px': 0, 'box_aspect_h_over_w': 1.86, 'hard_wrapped_single_word': False}"
18.webp,1,"[943, 60, 1031, 224]",translation_sanity,False,none,"{'source_text': '苍～翠群山巍峨立～', 'translation': 'Whoa, those green mountains rise so majestically!', 'source_len': 9, 'translation_len': 49, 'ratio': 5.44}"
18.webp,1,"[943, 60, 1031, 224]",detection_plausibility,False,none,"{'box_width': 88, 'box_height': 164, 'source_len': 9, 'confidence': None, 'chars_per_100px_height': 5.49}"
18.webp,1,"[890, 1306, 995, 1409]",text_fit,False,none,"{'box_width': 105, 'box_height': 103, 'chosen_font_size': 10, 'ceiling_font_size': 103, 'line_count': 1, 'lines': ['17'], 'max_line_width': 12, 'total_text_height': 8, 'width_overflow_px': 0, 'height_overflow_px': 0, 'box_aspect_h_over_w': 0.98, 'hard_wrapped_single_word': False}"
18.webp,1,"[890, 1306, 995, 1409]",translation_sanity,True,high,"{'source_text': '17', 'translation': '17', 'source_len': 2, 'translation_len': 2}"
18.webp,1,"[890, 1306, 995, 1409]",detection_plausibility,False,none,"{'box_width': 105, 'box_height': 103, 'source_len': 2, 'confidence': None, 'chars_per_100px_height': 1.94}"
18.webp,1,"[853, 735, 985, 903]",text_fit,False,none,"{'box_width': 132, 'box_height': 168}"
18.webp,1,"[853, 735, 985, 903]",translation_sanity,False,none,"{'source_text': '', 'translation': '', 'source_len': 0, 'translation_len': 0}"
18.webp,1,"[853, 735, 985, 903]",detection_plausibility,False,none,"{'box_width': 132, 'box_height': 168, 'source_len': 0, 'confidence': None}"
18.webp,1,"[477, 556, 579, 726]",text_fit,False,none,"{'box_width': 102, 'box_height': 170, 'chosen_font_size': 10, 'ceiling_font_size': 102, 'line_count': 1, 'lines': ['wiggle'], 'max_line_width': 32, 'total_text_height': 10, 'width_overflow_px': 0, 'height_overflow_px': 0, 'box_aspect_h_over_w': 1.67, 'hard_wrapped_single_word': False}"
18.webp,1,"[477, 556, 579, 726]",translation_sanity,False,none,"{'source_text': 'くねっ', 'translation': 'wiggle', 'source_len': 3, 'translation_len': 6, 'ratio': 2.0}"
18.webp,1,"[477, 556, 579, 726]",detection_plausibility,False,none,"{'box_width': 102, 'box_height': 170, 'source_len': 3, 'confidence': None, 'chars_per_100px_height': 1.76}"
18.webp,1,"[468, 1349, 588, 1593]",text_fit,False,none,"{'box_width': 120, 'box_height': 244, 'chosen_font_size': 10, 'ceiling_font_size': 120, 'line_count': 4, 'lines': ['With pride in our hearts,', 'we move forward~ We,', 'we, Qingmei First High', 'School!!'], 'max_line_width': 113, 'total_text_height': 44, 'width_overflow_px': 0, 'height_overflow_px': 0, 'box_aspect_h_over_w': 2.03, 'hard_wrapped_single_word': False}"
18.webp,1,"[468, 1349, 588, 1593]",translation_sanity,False,none,"{'source_text': '胸怀骄傲向前行～我们我们清梅第一高中～！！', 'translation': 'With pride in our hearts, we move forward~ We, we, Qingmei First High School!!', 'source_len': 21, 'translation_len': 78, 'ratio': 3.71}"
18.webp,1,"[468, 1349, 588, 1593]",detection_plausibility,False,none,"{'box_width': 120, 'box_height': 244, 'source_len': 21, 'confidence': None, 'chars_per_100px_height': 8.61}"
18.webp,1,"[317, 86, 403, 252]",text_fit,False,none,"{'box_width': 86, 'box_height': 166, 'chosen_font_size': 10, 'ceiling_font_size': 86, 'line_count': 3, 'lines': ['The tender new', 'leaves are bathing', 'in the sunshine.'], 'max_line_width': 85, 'total_text_height': 30, 'width_overflow_px': 0, 'height_overflow_px': 0, 'box_aspect_h_over_w': 1.93, 'hard_wrapped_single_word': False}"
18.webp,1,"[317, 86, 403, 252]",translation_sanity,False,none,"{'source_text': '嫩く芽新叶沐光辉～', 'translation': 'The tender new leaves are bathing in the sunshine.', 'source_len': 9, 'translation_len': 50, 'ratio': 5.56}"
18.webp,1,"[317, 86, 403, 252]",detection_plausibility,False,none,"{'box_width': 86, 'box_height': 166, 'source_len': 9, 'confidence': None, 'chars_per_100px_height': 5.42}"
18.webp,1,"[252, 744, 341, 907]",text_fit,False,none,"{'box_width': 89, 'box_height': 163, 'chosen_font_size': 10, 'ceiling_font_size': 89, 'line_count': 2, 'lines': [""Hey… that's not a"", 'four-leaf?'], 'max_line_width': 74, 'total_text_height': 21, 'width_overflow_px': 0, 'height_overflow_px': 0, 'box_aspect_h_over_w': 1.83, 'hard_wrapped_single_word': False}"
18.webp,1,"[252, 744, 341, 907]",translation_sanity,False,none,"{'source_text': '喂…那不是四叶吗？', 'translation': ""Hey… that's not a four-leaf?"", 'source_len': 9, 'translation_len': 28, 'ratio': 3.11}"
18.webp,1,"[252, 744, 341, 907]",detection_plausibility,False,none,"{'box_width': 89, 'box_height': 163, 'source_len': 9, 'confidence': None, 'chars_per_100px_height': 5.52}"
18.webp,1,"[70, 835, 156, 991]",text_fit,False,none,"{'box_width': 86, 'box_height': 156, 'chosen_font_size': 10, 'ceiling_font_size': 86, 'line_count': 2, 'lines': ['Seriously, what is', 'she doing…?'], 'max_line_width': 79, 'total_text_height': 22, 'width_overflow_px': 0, 'height_overflow_px': 0, 'box_aspect_h_over_w': 1.81, 'hard_wrapped_single_word': False}"
18.webp,1,"[70, 835, 156, 991]",translation_sanity,False,none,"{'source_text': '真的，她在干嘛…？', 'translation': 'Seriously, what is she doing…?', 'source_len': 9, 'translation_len': 30, 'ratio': 3.33}"
18.webp,1,"[70, 835, 156, 991]",detection_plausibility,False,none,"{'box_width': 86, 'box_height': 156, 'source_len': 9, 'confidence': None, 'chars_per_100px_height': 5.77}"
25.webp,1,"[1172, 1416, 1257, 1575]",text_fit,False,none,"{'box_width': 85, 'box_height': 159, 'chosen_font_size': 10, 'ceiling_font_size': 85, 'line_count': 3, 'lines': ['You know those', 'people over', 'there?'], 'max_line_width': 73, 'total_text_height': 30, 'width_overflow_px': 0, 'height_overflow_px': 0, 'box_aspect_h_over_w': 1.87, 'hard_wrapped_single_word': False}"
25.webp,1,"[1172, 1416, 1257, 1575]",translation_sanity,False,none,"{'source_text': '那边那些人你认识？', 'translation': 'You know those people over there?', 'source_len': 9, 'translation_len': 33, 'ratio': 3.67}"
25.webp,1,"[1172, 1416, 1257, 1575]",detection_plausibility,False,none,"{'box_width': 85, 'box_height': 159, 'source_len': 9, 'confidence': None, 'chars_per_100px_height': 5.66}"
25.webp,1,"[851, 542, 930, 641]",text_fit,False,none,"{'box_width': 79, 'box_height': 99, 'chosen_font_size': 10, 'ceiling_font_size': 79, 'line_count': 1, 'lines': ['Whoa!'], 'max_line_width': 30, 'total_text_height': 8, 'width_overflow_px': 0, 'height_overflow_px': 0, 'box_aspect_h_over_w': 1.25, 'hard_wrapped_single_word': False}"
25.webp,1,"[851, 542, 930, 641]",translation_sanity,False,none,"{'source_text': '!!', 'translation': 'Whoa!', 'source_len': 2, 'translation_len': 5, 'ratio': 2.5}"
25.webp,1,"[851, 542, 930, 641]",detection_plausibility,False,none,"{'box_width': 79, 'box_height': 99, 'source_len': 2, 'confidence': None, 'chars_per_100px_height': 2.02}"
25.webp,1,"[832, 260, 890, 400]",text_fit,False,none,"{'box_width': 58, 'box_height': 140, 'chosen_font_size': 10, 'ceiling_font_size': 58, 'line_count': 1, 'lines': ['Sooo...'], 'max_line_width': 27, 'total_text_height': 8, 'width_overflow_px': 0, 'height_overflow_px': 0, 'box_aspect_h_over_w': 2.41, 'hard_wrapped_single_word': False}"
25.webp,1,"[832, 260, 890, 400]",translation_sanity,False,none,"{'source_text': '然后啊～', 'translation': 'Sooo...', 'source_len': 4, 'translation_len': 7, 'ratio': 1.75}"
25.webp,1,"[832, 260, 890, 400]",detection_plausibility,False,none,"{'box_width': 58, 'box_height': 140, 'source_len': 4, 'confidence': None, 'chars_per_100px_height': 2.86}"
25.webp,1,"[776, 1452, 856, 1542]",text_fit,False,none,"{'box_width': 80, 'box_height': 90, 'chosen_font_size': 10, 'ceiling_font_size': 80, 'line_count': 1, 'lines': ['X'], 'max_line_width': 7, 'total_text_height': 8, 'width_overflow_px': 0, 'height_overflow_px': 0, 'box_aspect_h_over_w': 1.12, 'hard_wrapped_single_word': False}"
25.webp,1,"[776, 1452, 856, 1542]",translation_sanity,True,high,"{'source_text': 'X', 'translation': 'X', 'source_len': 1, 'translation_len': 1}"
25.webp,1,"[776, 1452, 856, 1542]",detection_plausibility,False,none,"{'box_width': 80, 'box_height': 90, 'source_len': 1, 'confidence': None, 'chars_per_100px_height': 1.11}"
25.webp,1,"[496, 1371, 615, 1539]",text_fit,False,none,"{'box_width': 119, 'box_height': 168, 'chosen_font_size': 10, 'ceiling_font_size': 119, 'line_count': 2, 'lines': ['Um, that... is my junior', 'from high school…'], 'max_line_width': 100, 'total_text_height': 23, 'width_overflow_px': 0, 'height_overflow_px': 0, 'box_aspect_h_over_w': 1.41, 'hard_wrapped_single_word': False}"
25.webp,1,"[496, 1371, 615, 1539]",translation_sanity,False,none,"{'source_text': '木，那个…是高中时的学妹…', 'translation': 'Um, that... is my junior from high school…', 'source_len': 13, 'translation_len': 42, 'ratio': 3.23}"
25.webp,1,"[496, 1371, 615, 1539]",detection_plausibility,False,none,"{'box_width': 119, 'box_height': 168, 'source_len': 13, 'confidence': None, 'chars_per_100px_height': 7.74}"
25.webp,1,"[342, 1389, 393, 1509]",text_fit,False,none,"{'box_width': 51, 'box_height': 120, 'chosen_font_size': 10, 'ceiling_font_size': 51, 'line_count': 2, 'lines': [""Okay, let's"", 'go'], 'max_line_width': 44, 'total_text_height': 20, 'width_overflow_px': 0, 'height_overflow_px': 0, 'box_aspect_h_over_w': 2.35, 'hard_wrapped_single_word': False}"
25.webp,1,"[342, 1389, 393, 1509]",translation_sanity,False,none,"{'source_text': '好，走吧', 'translation': ""Okay, let's go"", 'source_len': 4, 'translation_len': 14, 'ratio': 3.5}"
25.webp,1,"[342, 1389, 393, 1509]",detection_plausibility,False,none,"{'box_width': 51, 'box_height': 120, 'source_len': 4, 'confidence': None, 'chars_per_100px_height': 3.33}"
25.webp,1,"[276, 940, 330, 1008]",text_fit,False,none,"{'box_width': 54, 'box_height': 68, 'chosen_font_size': 10, 'ceiling_font_size': 54, 'line_count': 1, 'lines': ['と'], 'max_line_width': 5, 'total_text_height': 7, 'width_overflow_px': 0, 'height_overflow_px': 0, 'box_aspect_h_over_w': 1.26, 'hard_wrapped_single_word': False}"
25.webp,1,"[276, 940, 330, 1008]",translation_sanity,True,high,"{'source_text': 'と', 'translation': 'と', 'source_len': 1, 'translation_len': 1}"
25.webp,1,"[276, 940, 330, 1008]",detection_plausibility,False,none,"{'box_width': 54, 'box_height': 68, 'source_len': 1, 'confidence': None, 'chars_per_100px_height': 1.47}"
25.webp,1,"[103, 1554, 161, 1660]",text_fit,False,none,"{'box_width': 58, 'box_height': 106, 'chosen_font_size': 10, 'ceiling_font_size': 58, 'line_count': 1, 'lines': ['Ah...!'], 'max_line_width': 22, 'total_text_height': 8, 'width_overflow_px': 0, 'height_overflow_px': 0, 'box_aspect_h_over_w': 1.83, 'hard_wrapped_single_word': False}"
25.webp,1,"[103, 1554, 161, 1660]",translation_sanity,False,none,"{'source_text': '埃…！', 'translation': 'Ah...!', 'source_len': 3, 'translation_len': 6, 'ratio': 2.0}"
25.webp,1,"[103, 1554, 161, 1660]",detection_plausibility,False,none,"{'box_width': 58, 'box_height': 106, 'source_len': 3, 'confidence': None, 'chars_per_100px_height': 2.83}"
25.webp,1,"[96, 215, 183, 345]",text_fit,False,none,"{'box_width': 87, 'box_height': 130, 'chosen_font_size': 10, 'ceiling_font_size': 87, 'line_count': 1, 'lines': ['Really?'], 'max_line_width': 32, 'total_text_height': 10, 'width_overflow_px': 0, 'height_overflow_px': 0, 'box_aspect_h_over_w': 1.49, 'hard_wrapped_single_word': False}"
25.webp,1,"[96, 215, 183, 345]",translation_sanity,False,none,"{'source_text': '？真的假的？', 'translation': 'Really?', 'source_len': 6, 'translation_len': 7, 'ratio': 1.17}"
25.webp,1,"[96, 215, 183, 345]",detection_plausibility,False,none,"{'box_width': 87, 'box_height': 130, 'source_len': 6, 'confidence': None, 'chars_per_100px_height': 4.62}"
25.webp,1,"[92, 608, 146, 773]",text_fit,False,none,"{'box_width': 54, 'box_height': 165, 'chosen_font_size': 10, 'ceiling_font_size': 54, 'line_count': 1, 'lines': ['Those guys:'], 'max_line_width': 54, 'total_text_height': 10, 'width_overflow_px': 0, 'height_overflow_px': 0, 'box_aspect_h_over_w': 3.06, 'hard_wrapped_single_word': False}"
25.webp,1,"[92, 608, 146, 773]",translation_sanity,False,none,"{'source_text': '那些家伙：', 'translation': 'Those guys:', 'source_len': 5, 'translation_len': 11, 'ratio': 2.2}"
25.webp,1,"[92, 608, 146, 773]",detection_plausibility,False,none,"{'box_width': 54, 'box_height': 165, 'source_len': 5, 'confidence': None, 'chars_per_100px_height': 3.03}"
25.webp,1,"[29, 974, 77, 1023]",text_fit,False,none,"{'box_width': 48, 'box_height': 49, 'chosen_font_size': 10, 'ceiling_font_size': 48, 'line_count': 1, 'lines': ['Hey'], 'max_line_width': 20, 'total_text_height': 10, 'width_overflow_px': 0, 'height_overflow_px': 0, 'box_aspect_h_over_w': 1.02, 'hard_wrapped_single_word': False}"
25.webp,1,"[29, 974, 77, 1023]",translation_sanity,False,none,"{'source_text': '喂', 'translation': 'Hey', 'source_len': 1, 'translation_len': 3, 'ratio': 3.0}"
25.webp,1,"[29, 974, 77, 1023]",detection_plausibility,False,none,"{'box_width': 48, 'box_height': 49, 'source_len': 1, 'confidence': None, 'chars_per_100px_height': 2.04}"
26.webp,1,"[1146, 42, 1231, 149]",text_fit,False,none,"{'box_width': 85, 'box_height': 107, 'chosen_font_size': 10, 'ceiling_font_size': 85, 'line_count': 3, 'lines': ['Back in high', 'school, I was in', 'the arts club.'], 'max_line_width': 68, 'total_text_height': 31, 'width_overflow_px': 0, 'height_overflow_px': 0, 'box_aspect_h_over_w': 1.26, 'hard_wrapped_single_word': False}"
26.webp,1,"[1146, 42, 1231, 149]",translation_sanity,False,none,"{'source_text': '高中时文艺部', 'translation': 'Back in high school, I was in the arts club.', 'source_len': 6, 'translation_len': 44, 'ratio': 7.33}"
26.webp,1,"[1146, 42, 1231, 149]",detection_plausibility,False,none,"{'box_width': 85, 'box_height': 107, 'source_len': 6, 'confidence': None, 'chars_per_100px_height': 5.61}"
26.webp,1,"[1144, 1242, 1224, 1521]",text_fit,False,none,"{'box_width': 80, 'box_height': 279, 'chosen_font_size': 10, 'ceiling_font_size': 80, 'line_count': 4, 'lines': ['I really admire', 'you for being', 'smart and', 'mysterious!'], 'max_line_width': 66, 'total_text_height': 45, 'width_overflow_px': 0, 'height_overflow_px': 0, 'box_aspect_h_over_w': 3.49, 'hard_wrapped_single_word': False}"
26.webp,1,"[1144, 1242, 1224, 1521]",translation_sanity,False,none,"{'source_text': '头脑好又神秘的感觉真的好崇拜你！', 'translation': 'I really admire you for being smart and mysterious!', 'source_len': 16, 'translation_len': 51, 'ratio': 3.19}"
26.webp,1,"[1144, 1242, 1224, 1521]",detection_plausibility,False,none,"{'box_width': 80, 'box_height': 279, 'source_len': 16, 'confidence': None, 'chars_per_100px_height': 5.73}"
26.webp,1,"[1131, 600, 1211, 761]",text_fit,False,none,"{'box_width': 80, 'box_height': 161, 'chosen_font_size': 10, 'ceiling_font_size': 80, 'line_count': 5, 'lines': [""I'm planning to"", 'go to Bai Meng', ""University's"", 'economics', 'department.'], 'max_line_width': 69, 'total_text_height': 56, 'width_overflow_px': 0, 'height_overflow_px': 0, 'box_aspect_h_over_w': 2.01, 'hard_wrapped_single_word': False}"
26.webp,1,"[1131, 600, 1211, 761]",translation_sanity,True,medium,"{'source_text': '打算去白梦大学经济系', 'translation': ""I'm planning to go to Bai Meng University's economics department."", 'source_len': 10, 'translation_len': 65, 'ratio': 6.5}"
26.webp,1,"[1131, 600, 1211, 761]",detection_plausibility,False,none,"{'box_width': 80, 'box_height': 161, 'source_len': 10, 'confidence': None, 'chars_per_100px_height': 6.21}"
26.webp,1,"[769, 1311, 855, 1474]",text_fit,False,none,"{'box_width': 86, 'box_height': 163, 'chosen_font_size': 10, 'ceiling_font_size': 86, 'line_count': 2, 'lines': [""It's nothing... it's"", 'not a big deal.'], 'max_line_width': 70, 'total_text_height': 22, 'width_overflow_px': 0, 'height_overflow_px': 0, 'box_aspect_h_over_w': 1.9, 'hard_wrapped_single_word': False}"
26.webp,1,"[769, 1311, 855, 1474]",translation_sanity,False,none,"{'source_text': '也没什么…不至于啦', 'translation': ""It's nothing... it's not a big deal."", 'source_len': 9, 'translation_len': 36, 'ratio': 4.0}"
26.webp,1,"[769, 1311, 855, 1474]",detection_plausibility,False,none,"{'box_width': 86, 'box_height': 163, 'source_len': 9, 'confidence': None, 'chars_per_100px_height': 5.52}"
26.webp,1,"[680, 599, 793, 843]",text_fit,False,none,"{'box_width': 113, 'box_height': 244, 'chosen_font_size': 10, 'ceiling_font_size': 113, 'line_count': 4, 'lines': ['I could get into a better', 'school, but Bai Meng', 'University’s facilities are', 'top‑notch.'], 'max_line_width': 110, 'total_text_height': 47, 'width_overflow_px': 0, 'height_overflow_px': 0, 'box_aspect_h_over_w': 2.16, 'hard_wrapped_single_word': False}"
26.webp,1,"[680, 599, 793, 843]",translation_sanity,False,none,"{'source_text': '虽然更好的学校也能考上，但白梦大学校内设施很完善', 'translation': 'I could get into a better school, but Bai Meng University’s facilities are top‑notch.', 'source_len': 24, 'translation_len': 85, 'ratio': 3.54}"
26.webp,1,"[680, 599, 793, 843]",detection_plausibility,False,none,"{'box_width': 113, 'box_height': 244, 'source_len': 24, 'confidence': None, 'chars_per_100px_height': 9.84}"
26.webp,1,"[446, 592, 595, 759]",text_fit,False,none,"{'box_width': 149, 'box_height': 167, 'chosen_font_size': 10, 'ceiling_font_size': 149, 'line_count': 3, 'lines': [""You can't just pick a college by"", 'its deviation value—you gotta', 'look at it from multiple angles.'], 'max_line_width': 139, 'total_text_height': 35, 'width_overflow_px': 0, 'height_overflow_px': 0, 'box_aspect_h_over_w': 1.12, 'hard_wrapped_single_word': False}"
26.webp,1,"[446, 592, 595, 759]",translation_sanity,False,none,"{'source_text': '选大学不能只看偏差值要从多角度考虑才好', 'translation': ""You can't just pick a college by its deviation value—you gotta look at it from multiple angles."", 'source_len': 19, 'translation_len': 95, 'ratio': 5.0}"
26.webp,1,"[446, 592, 595, 759]",detection_plausibility,False,none,"{'box_width': 149, 'box_height': 167, 'source_len': 19, 'confidence': None, 'chars_per_100px_height': 11.38}"
26.webp,1,"[438, 1260, 599, 1524]",text_fit,False,none,"{'box_width': 161, 'box_height': 264, 'chosen_font_size': 10, 'ceiling_font_size': 161, 'line_count': 1, 'lines': ['Uh… 101?'], 'max_line_width': 44, 'total_text_height': 8, 'width_overflow_px': 0, 'height_overflow_px': 0, 'box_aspect_h_over_w': 1.64, 'hard_wrapped_single_word': False}"
26.webp,1,"[438, 1260, 599, 1524]",translation_sanity,False,none,"{'source_text': '那那个…101', 'translation': 'Uh… 101?', 'source_len': 7, 'translation_len': 8, 'ratio': 1.14}"
26.webp,1,"[438, 1260, 599, 1524]",detection_plausibility,False,none,"{'box_width': 161, 'box_height': 264, 'source_len': 7, 'confidence': None, 'chars_per_100px_height': 2.65}"
26.webp,1,"[257, 646, 340, 809]",text_fit,False,none,"{'box_width': 83, 'box_height': 163, 'chosen_font_size': 10, 'ceiling_font_size': 83, 'line_count': 1, 'lines': ['Ah, I see — thanks!'], 'max_line_width': 82, 'total_text_height': 9, 'width_overflow_px': 0, 'height_overflow_px': 0, 'box_aspect_h_over_w': 1.96, 'hard_wrapped_single_word': False}"
26.webp,1,"[257, 646, 340, 809]",translation_sanity,False,none,"{'source_text': '原来如此～受教了', 'translation': 'Ah, I see — thanks!', 'source_len': 8, 'translation_len': 19, 'ratio': 2.38}"
26.webp,1,"[257, 646, 340, 809]",detection_plausibility,False,none,"{'box_width': 83, 'box_height': 163, 'source_len': 8, 'confidence': None, 'chars_per_100px_height': 4.91}"
26.webp,1,"[64, 649, 145, 832]",text_fit,False,none,"{'box_width': 81, 'box_height': 183, 'chosen_font_size': 10, 'ceiling_font_size': 81, 'line_count': 2, 'lines': ['Rinazaki-senpai', 'really is amazing!'], 'max_line_width': 81, 'total_text_height': 22, 'width_overflow_px': 0, 'height_overflow_px': 0, 'box_aspect_h_over_w': 2.26, 'hard_wrapped_single_word': False}"
26.webp,1,"[64, 649, 145, 832]",translation_sanity,False,none,"{'source_text': '凛崎学姐果然很优秀啊！', 'translation': 'Rinazaki-senpai really is amazing!', 'source_len': 11, 'translation_len': 34, 'ratio': 3.09}"
26.webp,1,"[64, 649, 145, 832]",detection_plausibility,False,none,"{'box_width': 81, 'box_height': 183, 'source_len': 11, 'confidence': None, 'chars_per_100px_height': 6.01}"
26.webp,1,"[58, 47, 141, 265]",text_fit,False,none,"{'box_width': 83, 'box_height': 218, 'chosen_font_size': 10, 'ceiling_font_size': 83, 'line_count': 5, 'lines': ['What’s', 'Rinazaki-senpai', 'planning to do', 'after she', 'graduates?'], 'max_line_width': 75, 'total_text_height': 55, 'width_overflow_px': 0, 'height_overflow_px': 0, 'box_aspect_h_over_w': 2.63, 'hard_wrapped_single_word': False}"
26.webp,1,"[58, 47, 141, 265]",translation_sanity,False,none,"{'source_text': '凛崎学姐毕业后打算做什么呢？', 'translation': 'What’s Rinazaki-senpai planning to do after she graduates?', 'source_len': 14, 'translation_len': 58, 'ratio': 4.14}"
26.webp,1,"[58, 47, 141, 265]",detection_plausibility,False,none,"{'box_width': 83, 'box_height': 218, 'source_len': 14, 'confidence': None, 'chars_per_100px_height': 6.42}"
27.webp,1,"[1134, 1010, 1199, 1072]",text_fit,False,none,"{'box_width': 65, 'box_height': 62, 'chosen_font_size': 10, 'ceiling_font_size': 62, 'line_count': 1, 'lines': [""t'""], 'max_line_width': 4, 'total_text_height': 8, 'width_overflow_px': 0, 'height_overflow_px': 0, 'box_aspect_h_over_w': 0.95, 'hard_wrapped_single_word': False}"
27.webp,1,"[1134, 1010, 1199, 1072]",translation_sanity,True,high,"{'source_text': ""t'"", 'translation': ""t'"", 'source_len': 2, 'translation_len': 2}"
27.webp,1,"[1134, 1010, 1199, 1072]",detection_plausibility,False,none,"{'box_width': 65, 'box_height': 62, 'source_len': 2, 'confidence': None, 'chars_per_100px_height': 3.23}"
27.webp,1,"[1130, 1221, 1181, 1450]",text_fit,False,none,"{'box_width': 51, 'box_height': 229, 'chosen_font_size': 10, 'ceiling_font_size': 51, 'line_count': 2, 'lines': ['Rinrinzaki', '-senpai…!'], 'max_line_width': 50, 'total_text_height': 20, 'width_overflow_px': 0, 'height_overflow_px': 0, 'box_aspect_h_over_w': 4.49, 'hard_wrapped_single_word': False}"
27.webp,1,"[1130, 1221, 1181, 1450]",translation_sanity,False,none,"{'source_text': '凛凛崎学姐…！', 'translation': 'Rinrinzaki-senpai…!', 'source_len': 7, 'translation_len': 19, 'ratio': 2.71}"
27.webp,1,"[1130, 1221, 1181, 1450]",detection_plausibility,False,none,"{'box_width': 51, 'box_height': 229, 'source_len': 7, 'confidence': None, 'chars_per_100px_height': 3.06}"
27.webp,1,"[1102, 1577, 1189, 1699]",text_fit,False,none,"{'box_width': 87, 'box_height': 122, 'chosen_font_size': 10, 'ceiling_font_size': 87, 'line_count': 2, 'lines': ['Well… long time', 'no see…'], 'max_line_width': 74, 'total_text_height': 18, 'width_overflow_px': 0, 'height_overflow_px': 0, 'box_aspect_h_over_w': 1.4, 'hard_wrapped_single_word': False}"
27.webp,1,"[1102, 1577, 1189, 1699]",translation_sanity,False,none,"{'source_text': '嗯好久不见…', 'translation': 'Well… long time no see…', 'source_len': 6, 'translation_len': 23, 'ratio': 3.83}"
27.webp,1,"[1102, 1577, 1189, 1699]",detection_plausibility,False,none,"{'box_width': 87, 'box_height': 122, 'source_len': 6, 'confidence': None, 'chars_per_100px_height': 4.92}"
27.webp,1,"[970, 1070, 1037, 1139]",text_fit,False,none,"{'box_width': 67, 'box_height': 69, 'chosen_font_size': 10, 'ceiling_font_size': 67, 'line_count': 1, 'lines': ['Clang!'], 'max_line_width': 31, 'total_text_height': 10, 'width_overflow_px': 0, 'height_overflow_px': 0, 'box_aspect_h_over_w': 1.03, 'hard_wrapped_single_word': False}"
27.webp,1,"[970, 1070, 1037, 1139]",translation_sanity,False,none,"{'source_text': 'tin', 'translation': 'Clang!', 'source_len': 3, 'translation_len': 6, 'ratio': 2.0}"
27.webp,1,"[970, 1070, 1037, 1139]",detection_plausibility,False,none,"{'box_width': 67, 'box_height': 69, 'source_len': 3, 'confidence': None, 'chars_per_100px_height': 4.35}"
27.webp,1,"[917, 18, 999, 229]",text_fit,False,none,"{'box_width': 82, 'box_height': 211, 'chosen_font_size': 10, 'ceiling_font_size': 82, 'line_count': 3, 'lines': ['Miyuu‑chan,', 'Kana‑chan, long', 'time no see…'], 'max_line_width': 77, 'total_text_height': 32, 'width_overflow_px': 0, 'height_overflow_px': 0, 'box_aspect_h_over_w': 2.57, 'hard_wrapped_single_word': False}"
27.webp,1,"[917, 18, 999, 229]",translation_sanity,False,none,"{'source_text': '未优酱加奈酱好久不见…', 'translation': 'Miyuu‑chan, Kana‑chan, long time no see…', 'source_len': 11, 'translation_len': 40, 'ratio': 3.64}"
27.webp,1,"[917, 18, 999, 229]",detection_plausibility,False,none,"{'box_width': 82, 'box_height': 211, 'source_len': 11, 'confidence': None, 'chars_per_100px_height': 5.21}"
27.webp,1,"[798, 807, 843, 898]",text_fit,False,none,"{'box_width': 45, 'box_height': 91, 'chosen_font_size': 10, 'ceiling_font_size': 45, 'line_count': 1, 'lines': ['BANG!'], 'max_line_width': 30, 'total_text_height': 8, 'width_overflow_px': 0, 'height_overflow_px': 0, 'box_aspect_h_over_w': 2.02, 'hard_wrapped_single_word': False}"
27.webp,1,"[798, 807, 843, 898]",translation_sanity,False,none,"{'source_text': '00', 'translation': 'BANG!', 'source_len': 2, 'translation_len': 5, 'ratio': 2.5}"
27.webp,1,"[798, 807, 843, 898]",detection_plausibility,False,none,"{'box_width': 45, 'box_height': 91, 'source_len': 2, 'confidence': None, 'chars_per_100px_height': 2.2}"
27.webp,1,"[761, 211, 822, 268]",text_fit,False,none,"{'box_width': 61, 'box_height': 57, 'chosen_font_size': 10, 'ceiling_font_size': 57, 'line_count': 1, 'lines': ['Bring it!'], 'max_line_width': 37, 'total_text_height': 10, 'width_overflow_px': 0, 'height_overflow_px': 0, 'box_aspect_h_over_w': 0.93, 'hard_wrapped_single_word': False}"
27.webp,1,"[761, 211, 822, 268]",translation_sanity,False,none,"{'source_text': '比', 'translation': 'Bring it!', 'source_len': 1, 'translation_len': 9, 'ratio': 9.0}"
27.webp,1,"[761, 211, 822, 268]",detection_plausibility,False,none,"{'box_width': 61, 'box_height': 57, 'source_len': 1, 'confidence': None, 'chars_per_100px_height': 1.75}"
27.webp,1,"[757, 519, 809, 630]",text_fit,False,none,"{'box_width': 52, 'box_height': 111, 'chosen_font_size': 10, 'ceiling_font_size': 52, 'line_count': 1, 'lines': ['haha…'], 'max_line_width': 30, 'total_text_height': 8, 'width_overflow_px': 0, 'height_overflow_px': 0, 'box_aspect_h_over_w': 2.13, 'hard_wrapped_single_word': False}"
27.webp,1,"[757, 519, 809, 630]",translation_sanity,False,none,"{'source_text': 'あはは…', 'translation': 'haha…', 'source_len': 4, 'translation_len': 5, 'ratio': 1.25}"
27.webp,1,"[757, 519, 809, 630]",detection_plausibility,False,none,"{'box_width': 52, 'box_height': 111, 'source_len': 4, 'confidence': None, 'chars_per_100px_height': 3.6}"
27.webp,1,"[527, 762, 607, 973]",text_fit,False,none,"{'box_width': 80, 'box_height': 211, 'chosen_font_size': 10, 'ceiling_font_size': 80, 'line_count': 3, 'lines': [""I'm Rin Saki"", 'Yotsuba. Do you', 'remember me...?'], 'max_line_width': 77, 'total_text_height': 30, 'width_overflow_px': 0, 'height_overflow_px': 0, 'box_aspect_h_over_w': 2.64, 'hard_wrapped_single_word': False}"
27.webp,1,"[527, 762, 607, 973]",translation_sanity,False,none,"{'source_text': '我是凜崎四叶，还记得吗～…？', 'translation': ""I'm Rin Saki Yotsuba. Do you remember me...?"", 'source_len': 14, 'translation_len': 44, 'ratio': 3.14}"
27.webp,1,"[527, 762, 607, 973]",detection_plausibility,False,none,"{'box_width': 80, 'box_height': 211, 'source_len': 14, 'confidence': None, 'chars_per_100px_height': 6.64}"
27.webp,1,"[336, 290, 401, 426]",text_fit,False,none,"{'box_width': 65, 'box_height': 136, 'chosen_font_size': 10, 'ceiling_font_size': 65, 'line_count': 1, 'lines': ['Huh…'], 'max_line_width': 28, 'total_text_height': 8, 'width_overflow_px': 0, 'height_overflow_px': 0, 'box_aspect_h_over_w': 2.09, 'hard_wrapped_single_word': False}"
27.webp,1,"[336, 290, 401, 426]",translation_sanity,False,none,"{'source_text': '2レ…', 'translation': 'Huh…', 'source_len': 3, 'translation_len': 4, 'ratio': 1.33}"
27.webp,1,"[336, 290, 401, 426]",detection_plausibility,False,none,"{'box_width': 65, 'box_height': 136, 'source_len': 3, 'confidence': None, 'chars_per_100px_height': 2.21}"
27.webp,1,"[217, 1223, 302, 1467]",text_fit,False,none,"{'box_width': 85, 'box_height': 244, 'chosen_font_size': 10, 'ceiling_font_size': 85, 'line_count': 3, 'lines': [""...It's really you,"", ""senior...What's"", 'wrong?'], 'max_line_width': 66, 'total_text_height': 32, 'width_overflow_px': 0, 'height_overflow_px': 0, 'box_aspect_h_over_w': 2.87, 'hard_wrapped_single_word': False}"
27.webp,1,"[217, 1223, 302, 1467]",translation_sanity,False,none,"{'source_text': '…真的是学姐…你怎么了？', 'translation': ""...It's really you, senior...What's wrong?"", 'source_len': 12, 'translation_len': 42, 'ratio': 3.5}"
27.webp,1,"[217, 1223, 302, 1467]",detection_plausibility,False,none,"{'box_width': 85, 'box_height': 244, 'source_len': 12, 'confidence': None, 'chars_per_100px_height': 4.92}"
27.webp,1,"[115, 998, 262, 1138]",text_fit,False,none,"{'box_width': 147, 'box_height': 140, 'chosen_font_size': 10, 'ceiling_font_size': 140, 'line_count': 1, 'lines': ['Ugh…'], 'max_line_width': 26, 'total_text_height': 10, 'width_overflow_px': 0, 'height_overflow_px': 0, 'box_aspect_h_over_w': 0.95, 'hard_wrapped_single_word': False}"
27.webp,1,"[115, 998, 262, 1138]",translation_sanity,False,none,"{'source_text': '3v…ひく…', 'translation': 'Ugh…', 'source_len': 6, 'translation_len': 4, 'ratio': 0.67}"
27.webp,1,"[115, 998, 262, 1138]",detection_plausibility,False,none,"{'box_width': 147, 'box_height': 140, 'source_len': 6, 'confidence': None, 'chars_per_100px_height': 4.29}"
27.webp,1,"[84, 441, 158, 555]",text_fit,False,none,"{'box_width': 74, 'box_height': 114, 'chosen_font_size': 10, 'ceiling_font_size': 74, 'line_count': 4, 'lines': ['(No output -', 'input contains', 'no translatable', 'text)'], 'max_line_width': 68, 'total_text_height': 45, 'width_overflow_px': 0, 'height_overflow_px': 0, 'box_aspect_h_over_w': 1.54, 'hard_wrapped_single_word': False}"
27.webp,1,"[84, 441, 158, 555]",translation_sanity,False,none,"{'source_text': 'Ti7n', 'translation': '(No output - input contains no translatable text)', 'source_len': 4, 'translation_len': 49, 'ratio': 12.25}"
27.webp,1,"[84, 441, 158, 555]",detection_plausibility,False,none,"{'box_width': 74, 'box_height': 114, 'source_len': 4, 'confidence': None, 'chars_per_100px_height': 3.51}"
27.webp,1,"[80, 1532, 163, 1705]",text_fit,False,none,"{'box_width': 83, 'box_height': 173, 'chosen_font_size': 10, 'ceiling_font_size': 83, 'line_count': 2, 'lines': ['Well, uh… a lot', 'happened…'], 'max_line_width': 66, 'total_text_height': 21, 'width_overflow_px': 0, 'height_overflow_px': 0, 'box_aspect_h_over_w': 2.08, 'hard_wrapped_single_word': False}"
27.webp,1,"[80, 1532, 163, 1705]",translation_sanity,False,none,"{'source_text': '嘛，嗯…发生了很多事…', 'translation': 'Well, uh… a lot happened…', 'source_len': 11, 'translation_len': 25, 'ratio': 2.27}"
27.webp,1,"[80, 1532, 163, 1705]",detection_plausibility,False,none,"{'box_width': 83, 'box_height': 173, 'source_len': 11, 'confidence': None, 'chars_per_100px_height': 6.36}"
27.webp,1,"[0, 840, 78, 1012]",text_fit,False,none,"{'box_width': 78, 'box_height': 172, 'chosen_font_size': 10, 'ceiling_font_size': 78, 'line_count': 1, 'lines': ['Mom!'], 'max_line_width': 26, 'total_text_height': 8, 'width_overflow_px': 0, 'height_overflow_px': 0, 'box_aspect_h_over_w': 2.21, 'hard_wrapped_single_word': False}"
27.webp,1,"[0, 840, 78, 1012]",translation_sanity,False,none,"{'source_text': '妈', 'translation': 'Mom!', 'source_len': 1, 'translation_len': 4, 'ratio': 4.0}"
27.webp,1,"[0, 840, 78, 1012]",detection_plausibility,False,none,"{'box_width': 78, 'box_height': 172, 'source_len': 1, 'confidence': None, 'chars_per_100px_height': 0.58}"
28.webp,1,"[1156, 925, 1239, 1149]",text_fit,False,none,"{'box_width': 83, 'box_height': 224, 'chosen_font_size': 10, 'ceiling_font_size': 83, 'line_count': 5, 'lines': ['Feels great to', 'embarrass', 'yourself in front', 'of your junior,', 'huh?'], 'max_line_width': 73, 'total_text_height': 56, 'width_overflow_px': 0, 'height_overflow_px': 0, 'box_aspect_h_over_w': 2.7, 'hard_wrapped_single_word': False}"
28.webp,1,"[1156, 925, 1239, 1149]",translation_sanity,False,none,"{'source_text': '在学妹面前丢脸，感觉超爽的吧？', 'translation': 'Feels great to embarrass yourself in front of your junior, huh?', 'source_len': 15, 'translation_len': 63, 'ratio': 4.2}"
28.webp,1,"[1156, 925, 1239, 1149]",detection_plausibility,False,none,"{'box_width': 83, 'box_height': 224, 'source_len': 15, 'confidence': None, 'chars_per_100px_height': 6.7}"
28.webp,1,"[1122, 18, 1235, 284]",text_fit,False,none,"{'box_width': 113, 'box_height': 266, 'chosen_font_size': 10, 'ceiling_font_size': 113, 'line_count': 3, 'lines': [""He's a masochist who"", 'loves getting picked on', 'in front of a crowd, right?'], 'max_line_width': 112, 'total_text_height': 33, 'width_overflow_px': 0, 'height_overflow_px': 0, 'box_aspect_h_over_w': 2.35, 'hard_wrapped_single_word': False}"
28.webp,1,"[1122, 18, 1235, 284]",translation_sanity,False,none,"{'source_text': '这家伙是个受虐狂超喜欢在大庭广众下被欺负的…对吧？', 'translation': ""He's a masochist who loves getting picked on in front of a crowd, right?"", 'source_len': 25, 'translation_len': 72, 'ratio': 2.88}"
28.webp,1,"[1122, 18, 1235, 284]",detection_plausibility,False,none,"{'box_width': 113, 'box_height': 266, 'source_len': 25, 'confidence': None, 'chars_per_100px_height': 9.4}"
28.webp,1,"[1071, 1334, 1160, 1481]",text_fit,False,none,"{'box_width': 89, 'box_height': 147, 'chosen_font_size': 10, 'ceiling_font_size': 89, 'line_count': 1, 'lines': ['Eep!'], 'max_line_width': 21, 'total_text_height': 10, 'width_overflow_px': 0, 'height_overflow_px': 0, 'box_aspect_h_over_w': 1.65, 'hard_wrapped_single_word': False}"
28.webp,1,"[1071, 1334, 1160, 1481]",translation_sanity,False,none,"{'source_text': 'い', 'translation': 'Eep!', 'source_len': 1, 'translation_len': 4, 'ratio': 4.0}"
28.webp,1,"[1071, 1334, 1160, 1481]",detection_plausibility,False,none,"{'box_width': 89, 'box_height': 147, 'source_len': 1, 'confidence': None, 'chars_per_100px_height': 0.68}"
28.webp,1,"[926, 921, 975, 1145]",text_fit,False,none,"{'box_width': 49, 'box_height': 224, 'chosen_font_size': 10, 'ceiling_font_size': 49, 'line_count': 1, 'lines': ['For real?'], 'max_line_width': 39, 'total_text_height': 8, 'width_overflow_px': 0, 'height_overflow_px': 0, 'box_aspect_h_over_w': 4.57, 'hard_wrapped_single_word': False}"
28.webp,1,"[926, 921, 975, 1145]",translation_sanity,False,none,"{'source_text': '真真的假的…？', 'translation': 'For real?', 'source_len': 7, 'translation_len': 9, 'ratio': 1.29}"
28.webp,1,"[926, 921, 975, 1145]",detection_plausibility,False,none,"{'box_width': 49, 'box_height': 224, 'source_len': 7, 'confidence': None, 'chars_per_100px_height': 3.12}"
28.webp,1,"[915, 1344, 996, 1532]",text_fit,False,none,"{'box_width': 81, 'box_height': 188, 'chosen_font_size': 10, 'ceiling_font_size': 81, 'line_count': 3, 'lines': ['Come on, show', 'us a begging', 'dance.'], 'max_line_width': 69, 'total_text_height': 31, 'width_overflow_px': 0, 'height_overflow_px': 0, 'box_aspect_h_over_w': 2.32, 'hard_wrapped_single_word': False}"
28.webp,1,"[915, 1344, 996, 1532]",translation_sanity,False,none,"{'source_text': '来，表演个求饶舞给我们看', 'translation': 'Come on, show us a begging dance.', 'source_len': 12, 'translation_len': 33, 'ratio': 2.75}"
28.webp,1,"[915, 1344, 996, 1532]",detection_plausibility,False,none,"{'box_width': 81, 'box_height': 188, 'source_len': 12, 'confidence': None, 'chars_per_100px_height': 6.38}"
28.webp,1,"[897, 1633, 941, 1730]",text_fit,False,none,"{'box_width': 44, 'box_height': 97, 'chosen_font_size': 10, 'ceiling_font_size': 44, 'line_count': 1, 'lines': ['…'], 'max_line_width': 6, 'total_text_height': 2, 'width_overflow_px': 0, 'height_overflow_px': 0, 'box_aspect_h_over_w': 2.2, 'hard_wrapped_single_word': False}"
28.webp,1,"[897, 1633, 941, 1730]",translation_sanity,False,none,"{'source_text': 'っ……', 'translation': '…', 'source_len': 3, 'translation_len': 1, 'ratio': 0.33}"
28.webp,1,"[897, 1633, 941, 1730]",detection_plausibility,False,none,"{'box_width': 44, 'box_height': 97, 'source_len': 3, 'confidence': None, 'chars_per_100px_height': 3.09}"
28.webp,1,"[792, 209, 877, 317]",text_fit,False,none,"{'box_width': 85, 'box_height': 108, 'chosen_font_size': 10, 'ceiling_font_size': 85, 'line_count': 1, 'lines': ['...yeah, yeah'], 'max_line_width': 56, 'total_text_height': 10, 'width_overflow_px': 0, 'height_overflow_px': 0, 'box_aspect_h_over_w': 1.27, 'hard_wrapped_single_word': False}"
28.webp,1,"[792, 209, 877, 317]",translation_sanity,False,none,"{'source_text': '…是是的', 'translation': '...yeah, yeah', 'source_len': 4, 'translation_len': 13, 'ratio': 3.25}"
28.webp,1,"[792, 209, 877, 317]",detection_plausibility,False,none,"{'box_width': 85, 'box_height': 108, 'source_len': 4, 'confidence': None, 'chars_per_100px_height': 3.7}"
28.webp,1,"[789, 917, 845, 1108]",text_fit,False,none,"{'box_width': 56, 'box_height': 191, 'chosen_font_size': 10, 'ceiling_font_size': 56, 'line_count': 2, 'lines': [""I… I don't"", 'know…'], 'max_line_width': 38, 'total_text_height': 18, 'width_overflow_px': 0, 'height_overflow_px': 0, 'box_aspect_h_over_w': 3.41, 'hard_wrapped_single_word': False}"
28.webp,1,"[789, 917, 845, 1108]",translation_sanity,False,none,"{'source_text': '不…不知道…', 'translation': ""I… I don't know…"", 'source_len': 6, 'translation_len': 16, 'ratio': 2.67}"
28.webp,1,"[789, 917, 845, 1108]",detection_plausibility,False,none,"{'box_width': 56, 'box_height': 191, 'source_len': 6, 'confidence': None, 'chars_per_100px_height': 3.14}"
28.webp,1,"[547, 978, 711, 1202]",text_fit,False,none,"{'box_width': 164, 'box_height': 224, 'chosen_font_size': 10, 'ceiling_font_size': 164, 'line_count': 1, 'lines': [""That's... hnn... hnn... don't...""], 'max_line_width': 120, 'total_text_height': 8, 'width_overflow_px': 0, 'height_overflow_px': 0, 'box_aspect_h_over_w': 1.37, 'hard_wrapped_single_word': False}"
28.webp,1,"[547, 978, 711, 1202]",translation_sanity,False,none,"{'source_text': '就是这样…呜…呜…不要…', 'translation': ""That's... hnn... hnn... don't..."", 'source_len': 12, 'translation_len': 32, 'ratio': 2.67}"
28.webp,1,"[547, 978, 711, 1202]",detection_plausibility,False,none,"{'box_width': 164, 'box_height': 224, 'source_len': 12, 'confidence': None, 'chars_per_100px_height': 5.36}"
28.webp,1,"[518, 1265, 604, 1404]",text_fit,False,none,"{'box_width': 86, 'box_height': 139, 'chosen_font_size': 10, 'ceiling_font_size': 86, 'line_count': 2, 'lines': ['I have to do it,', 'right?'], 'max_line_width': 61, 'total_text_height': 21, 'width_overflow_px': 0, 'height_overflow_px': 0, 'box_aspect_h_over_w': 1.62, 'hard_wrapped_single_word': False}"
28.webp,1,"[518, 1265, 604, 1404]",translation_sanity,False,none,"{'source_text': '不做不行…对吧…', 'translation': 'I have to do it, right?', 'source_len': 8, 'translation_len': 23, 'ratio': 2.88}"
28.webp,1,"[518, 1265, 604, 1404]",detection_plausibility,False,none,"{'box_width': 86, 'box_height': 139, 'source_len': 8, 'confidence': None, 'chars_per_100px_height': 5.76}"
28.webp,1,"[425, 1113, 490, 1219]",text_fit,False,none,"{'box_width': 65, 'box_height': 106, 'chosen_font_size': 10, 'ceiling_font_size': 65, 'line_count': 1, 'lines': ['meh'], 'max_line_width': 22, 'total_text_height': 8, 'width_overflow_px': 0, 'height_overflow_px': 0, 'box_aspect_h_over_w': 1.63, 'hard_wrapped_single_word': False}"
28.webp,1,"[425, 1113, 490, 1219]",translation_sanity,False,none,"{'source_text': 'メ', 'translation': 'meh', 'source_len': 1, 'translation_len': 3, 'ratio': 3.0}"
28.webp,1,"[425, 1113, 490, 1219]",detection_plausibility,False,none,"{'box_width': 65, 'box_height': 106, 'source_len': 1, 'confidence': None, 'chars_per_100px_height': 0.94}"
28.webp,1,"[256, 1153, 319, 1286]",text_fit,False,none,"{'box_width': 63, 'box_height': 133, 'chosen_font_size': 10, 'ceiling_font_size': 63, 'line_count': 1, 'lines': ['Whoosh!'], 'max_line_width': 41, 'total_text_height': 8, 'width_overflow_px': 0, 'height_overflow_px': 0, 'box_aspect_h_over_w': 2.11, 'hard_wrapped_single_word': False}"
28.webp,1,"[256, 1153, 319, 1286]",translation_sanity,False,none,"{'source_text': '「スアーン', 'translation': 'Whoosh!', 'source_len': 5, 'translation_len': 7, 'ratio': 1.4}"
28.webp,1,"[256, 1153, 319, 1286]",detection_plausibility,False,none,"{'box_width': 63, 'box_height': 133, 'source_len': 5, 'confidence': None, 'chars_per_100px_height': 3.76}"
28.webp,1,"[74, 427, 129, 563]",text_fit,False,none,"{'box_width': 55, 'box_height': 136, 'chosen_font_size': 10, 'ceiling_font_size': 55, 'line_count': 1, 'lines': ['…yeah…'], 'max_line_width': 35, 'total_text_height': 10, 'width_overflow_px': 0, 'height_overflow_px': 0, 'box_aspect_h_over_w': 2.47, 'hard_wrapped_single_word': False}"
28.webp,1,"[74, 427, 129, 563]",translation_sanity,False,none,"{'source_text': '…是的…', 'translation': '…yeah…', 'source_len': 4, 'translation_len': 6, 'ratio': 1.5}"
28.webp,1,"[74, 427, 129, 563]",detection_plausibility,False,none,"{'box_width': 55, 'box_height': 136, 'source_len': 4, 'confidence': None, 'chars_per_100px_height': 2.94}"
28.webp,1,"[64, 1351, 146, 1522]",text_fit,False,none,"{'box_width': 82, 'box_height': 171, 'chosen_font_size': 10, 'ceiling_font_size': 82, 'line_count': 2, 'lines': ['Hurry up, you', 'masochistic bitch!'], 'max_line_width': 82, 'total_text_height': 20, 'width_overflow_px': 0, 'height_overflow_px': 0, 'box_aspect_h_over_w': 2.09, 'hard_wrapped_single_word': False}"
28.webp,1,"[64, 1351, 146, 1522]",translation_sanity,False,none,"{'source_text': '快点做，受虐狂贱女人！', 'translation': 'Hurry up, you masochistic bitch!', 'source_len': 11, 'translation_len': 32, 'ratio': 2.91}"
28.webp,1,"[64, 1351, 146, 1522]",detection_plausibility,False,none,"{'box_width': 82, 'box_height': 171, 'source_len': 11, 'confidence': None, 'chars_per_100px_height': 6.43}"
28.webp,1,"[53, 15, 203, 271]",text_fit,False,none,"{'box_width': 150, 'box_height': 256, 'chosen_font_size': 10, 'ceiling_font_size': 150, 'line_count': 4, 'lines': ['She knelt and begged us', 'high‑schoolers, “Please bully', 'me!” So we took her as a slave,', 'right?'], 'max_line_width': 136, 'total_text_height': 45, 'width_overflow_px': 0, 'height_overflow_px': 0, 'box_aspect_h_over_w': 1.71, 'hard_wrapped_single_word': False}"
28.webp,1,"[53, 15, 203, 271]",translation_sanity,False,none,"{'source_text': '她跪下来求我们高中生说「请欺负我吧～」所以我们就收她当奴隶了，对吧？', 'translation': 'She knelt and begged us high‑schoolers, “Please bully me!” So we took her as a slave, right?', 'source_len': 34, 'translation_len': 92, 'ratio': 2.71}"
28.webp,1,"[53, 15, 203, 271]",detection_plausibility,False,none,"{'box_width': 150, 'box_height': 256, 'source_len': 34, 'confidence': None, 'chars_per_100px_height': 13.28}"
29.webp,1,"[1169, 1183, 1250, 1315]",text_fit,False,none,"{'box_width': 81, 'box_height': 132, 'chosen_font_size': 10, 'ceiling_font_size': 81, 'line_count': 3, 'lines': [""Don't look… don't"", 'look down on', 'me…'], 'max_line_width': 74, 'total_text_height': 26, 'width_overflow_px': 0, 'height_overflow_px': 0, 'box_aspect_h_over_w': 1.63, 'hard_wrapped_single_word': False}"
29.webp,1,"[1169, 1183, 1250, 1315]",translation_sanity,False,none,"{'source_text': '别看…别嫌弃我…', 'translation': ""Don't look… don't look down on me…"", 'source_len': 8, 'translation_len': 34, 'ratio': 4.25}"
29.webp,1,"[1169, 1183, 1250, 1315]",detection_plausibility,False,none,"{'box_width': 81, 'box_height': 132, 'source_len': 8, 'confidence': None, 'chars_per_100px_height': 6.06}"
29.webp,1,"[925, 1175, 1012, 1370]",text_fit,False,none,"{'box_width': 87, 'box_height': 195, 'chosen_font_size': 10, 'ceiling_font_size': 87, 'line_count': 1, 'lines': ['Waaah!! I give up~'], 'max_line_width': 86, 'total_text_height': 10, 'width_overflow_px': 0, 'height_overflow_px': 0, 'box_aspect_h_over_w': 2.24, 'hard_wrapped_single_word': False}"
29.webp,1,"[925, 1175, 1012, 1370]",translation_sanity,False,none,"{'source_text': '呜咿咿!!我认输了～～', 'translation': 'Waaah!! I give up~', 'source_len': 11, 'translation_len': 18, 'ratio': 1.64}"
29.webp,1,"[925, 1175, 1012, 1370]",detection_plausibility,False,none,"{'box_width': 87, 'box_height': 195, 'source_len': 11, 'confidence': None, 'chars_per_100px_height': 5.64}"
29.webp,1,"[919, 32, 1003, 283]",text_fit,False,none,"{'box_width': 84, 'box_height': 251, 'chosen_font_size': 10, 'ceiling_font_size': 84, 'line_count': 2, 'lines': ['WAAAAH! Please', ""don't kill me!""], 'max_line_width': 77, 'total_text_height': 18, 'width_overflow_px': 0, 'height_overflow_px': 0, 'box_aspect_h_over_w': 2.99, 'hard_wrapped_single_word': False}"
29.webp,1,"[919, 32, 1003, 283]",translation_sanity,False,none,"{'source_text': '呜哇啊啊～～～！～～!饶命饶命啊', 'translation': ""WAAAAH! Please don't kill me!"", 'source_len': 16, 'translation_len': 29, 'ratio': 1.81}"
29.webp,1,"[919, 32, 1003, 283]",detection_plausibility,False,none,"{'box_width': 84, 'box_height': 251, 'source_len': 16, 'confidence': None, 'chars_per_100px_height': 6.37}"
29.webp,1,"[738, 614, 898, 933]",text_fit,False,none,"{'box_width': 160, 'box_height': 319, 'chosen_font_size': 10, 'ceiling_font_size': 160, 'line_count': 1, 'lines': ['Huh? Wiggle!'], 'max_line_width': 65, 'total_text_height': 10, 'width_overflow_px': 0, 'height_overflow_px': 0, 'box_aspect_h_over_w': 1.99, 'hard_wrapped_single_word': False}"
29.webp,1,"[738, 614, 898, 933]",translation_sanity,False,none,"{'source_text': '么プル', 'translation': 'Huh? Wiggle!', 'source_len': 3, 'translation_len': 12, 'ratio': 4.0}"
29.webp,1,"[738, 614, 898, 933]",detection_plausibility,False,none,"{'box_width': 160, 'box_height': 319, 'source_len': 3, 'confidence': None, 'chars_per_100px_height': 0.94}"
29.webp,1,"[733, 1, 840, 114]",text_fit,False,none,"{'box_width': 107, 'box_height': 113, 'chosen_font_size': 10, 'ceiling_font_size': 107, 'line_count': 1, 'lines': ['Chuan!'], 'max_line_width': 36, 'total_text_height': 8, 'width_overflow_px': 0, 'height_overflow_px': 0, 'box_aspect_h_over_w': 1.06, 'hard_wrapped_single_word': False}"
29.webp,1,"[733, 1, 840, 114]",translation_sanity,False,none,"{'source_text': '川公', 'translation': 'Chuan!', 'source_len': 2, 'translation_len': 6, 'ratio': 3.0}"
29.webp,1,"[733, 1, 840, 114]",detection_plausibility,False,none,"{'box_width': 107, 'box_height': 113, 'source_len': 2, 'confidence': None, 'chars_per_100px_height': 1.77}"
29.webp,1,"[723, 309, 813, 386]",text_fit,False,none,"{'box_width': 90, 'box_height': 77, 'chosen_font_size': 10, 'ceiling_font_size': 77, 'line_count': 1, 'lines': ['Three'], 'max_line_width': 29, 'total_text_height': 8, 'width_overflow_px': 0, 'height_overflow_px': 0, 'box_aspect_h_over_w': 0.86, 'hard_wrapped_single_word': False}"
29.webp,1,"[723, 309, 813, 386]",translation_sanity,False,none,"{'source_text': '三', 'translation': 'Three', 'source_len': 1, 'translation_len': 5, 'ratio': 5.0}"
29.webp,1,"[723, 309, 813, 386]",detection_plausibility,False,none,"{'box_width': 90, 'box_height': 77, 'source_len': 1, 'confidence': None, 'chars_per_100px_height': 1.3}"
29.webp,1,"[647, 1224, 798, 1482]",text_fit,False,none,"{'box_width': 151, 'box_height': 258, 'chosen_font_size': 10, 'ceiling_font_size': 151, 'line_count': 1, 'lines': ['No no… Actually I…'], 'max_line_width': 83, 'total_text_height': 10, 'width_overflow_px': 0, 'height_overflow_px': 0, 'box_aspect_h_over_w': 1.71, 'hard_wrapped_single_word': False}"
29.webp,1,"[647, 1224, 798, 1482]",translation_sanity,False,none,"{'source_text': 'M不对不对…我其实是…', 'translation': 'No no… Actually I…', 'source_len': 11, 'translation_len': 18, 'ratio': 1.64}"
29.webp,1,"[647, 1224, 798, 1482]",detection_plausibility,False,none,"{'box_width': 151, 'box_height': 258, 'source_len': 11, 'confidence': None, 'chars_per_100px_height': 4.26}"
29.webp,1,"[503, 1200, 581, 1371]",text_fit,False,none,"{'box_width': 78, 'box_height': 171, 'chosen_font_size': 10, 'ceiling_font_size': 78, 'line_count': 3, 'lines': ['An intelligent,', 'cool-headed', ""'capable woman'""], 'max_line_width': 74, 'total_text_height': 32, 'width_overflow_px': 0, 'height_overflow_px': 0, 'box_aspect_h_over_w': 2.19, 'hard_wrapped_single_word': False}"
29.webp,1,"[503, 1200, 581, 1371]",translation_sanity,False,none,"{'source_text': '知性冷静的「能干女人…', 'translation': ""An intelligent, cool-headed 'capable woman'"", 'source_len': 11, 'translation_len': 43, 'ratio': 3.91}"
29.webp,1,"[503, 1200, 581, 1371]",detection_plausibility,False,none,"{'box_width': 78, 'box_height': 171, 'source_len': 11, 'confidence': None, 'chars_per_100px_height': 6.43}"
29.webp,1,"[320, 488, 468, 680]",text_fit,False,none,"{'box_width': 148, 'box_height': 192, 'chosen_font_size': 10, 'ceiling_font_size': 148, 'line_count': 1, 'lines': ['Nngh!'], 'max_line_width': 31, 'total_text_height': 10, 'width_overflow_px': 0, 'height_overflow_px': 0, 'box_aspect_h_over_w': 1.3, 'hard_wrapped_single_word': False}"
29.webp,1,"[320, 488, 468, 680]",translation_sanity,False,none,"{'source_text': 'くい', 'translation': 'Nngh!', 'source_len': 2, 'translation_len': 5, 'ratio': 2.5}"
29.webp,1,"[320, 488, 468, 680]",detection_plausibility,False,none,"{'box_width': 148, 'box_height': 192, 'source_len': 2, 'confidence': None, 'chars_per_100px_height': 1.04}"
29.webp,1,"[83, 60, 167, 387]",text_fit,False,none,"{'box_width': 84, 'box_height': 327, 'chosen_font_size': 10, 'ceiling_font_size': 84, 'line_count': 2, 'lines': ['Please, just let me', 'go! Spare my life!!'], 'max_line_width': 82, 'total_text_height': 23, 'width_overflow_px': 0, 'height_overflow_px': 0, 'box_aspect_h_over_w': 3.89, 'hard_wrapped_single_word': False}"
29.webp,1,"[83, 60, 167, 387]",translation_sanity,False,none,"{'source_text': '~～！求求你们放过我吧！饶我一命吧啊啊～～！！', 'translation': 'Please, just let me go! Spare my life!!', 'source_len': 23, 'translation_len': 39, 'ratio': 1.7}"
29.webp,1,"[83, 60, 167, 387]",detection_plausibility,False,none,"{'box_width': 84, 'box_height': 327, 'source_len': 23, 'confidence': None, 'chars_per_100px_height': 7.03}"
29.webp,1,"[43, 745, 126, 979]",text_fit,False,none,"{'box_width': 83, 'box_height': 234, 'chosen_font_size': 10, 'ceiling_font_size': 83, 'line_count': 1, 'lines': ['Waaah! Eee!'], 'max_line_width': 58, 'total_text_height': 8, 'width_overflow_px': 0, 'height_overflow_px': 0, 'box_aspect_h_over_w': 2.82, 'hard_wrapped_single_word': False}"
29.webp,1,"[43, 745, 126, 979]",translation_sanity,False,none,"{'source_text': '呜哇啊啊啊～～!！咿呀啊啊', 'translation': 'Waaah! Eee!', 'source_len': 13, 'translation_len': 11, 'ratio': 0.85}"
29.webp,1,"[43, 745, 126, 979]",detection_plausibility,False,none,"{'box_width': 83, 'box_height': 234, 'source_len': 13, 'confidence': None, 'chars_per_100px_height': 5.56}"
29.webp,1,"[36, 1218, 116, 1445]",text_fit,False,none,"{'box_width': 80, 'box_height': 227, 'chosen_font_size': 10, 'ceiling_font_size': 80, 'line_count': 4, 'lines': ['I keep my', 'distance, so', 'everyone looks at', 'me funny.'], 'max_line_width': 79, 'total_text_height': 46, 'width_overflow_px': 0, 'height_overflow_px': 0, 'box_aspect_h_over_w': 2.84, 'hard_wrapped_single_word': False}"
29.webp,1,"[36, 1218, 116, 1445]",translation_sanity,False,none,"{'source_text': '总是保持距离，被大家另眼相看…', 'translation': 'I keep my distance, so everyone looks at me funny.', 'source_len': 15, 'translation_len': 50, 'ratio': 3.33}"
29.webp,1,"[36, 1218, 116, 1445]",detection_plausibility,False,none,"{'box_width': 80, 'box_height': 227, 'source_len': 15, 'confidence': None, 'chars_per_100px_height': 6.61}"
